preregistration_commit,rules_changed_after_execution,S_experiment_started_after_preregistration,protocol_branch,implementation_branch,n,alpha,baseline_type,feasible,S_Kwant,geometry_hash,failure_modes,notes,a,b,aspect_ratio,Ekin_Kwant,Q_Kwant,N_sites,is_strongest_feasible_baseline,S_random_best_of_5_primary,S_random_best_of_5_p75,n_feasible_repeats
7e28542fda40db288ad2613b49f17b1248f6f2ce,False,True,article-s-objective-preregistration,article-s-objective-implementation,1.2,0.95,isotropic_same_n,True,8.681956532927068e-12,a2b4ddcb9cc027b384b338298a9d297121639d42959d9f51f86f47f19e876568,,,26.994275135346882,26.994275135346882,1.0,0.010690521716695489,1.5160295869366662,1717,False,,,
7e28542fda40db288ad2613b49f17b1248f6f2ce,False,True,article-s-objective-preregistration,article-s-objective-implementation,1.2,0.95,best_training,True,8.558321361325716e-12,72dd53a7f8dd5368c287ca360aa45ec42e1b61787c4ac4df578ca8ed1d5d0779,,,27.0,27.0,1.0,0.010689289799576063,1.5159264178177203,1721,False,,,
7e28542fda40db288ad2613b49f17b1248f6f2ce,False,True,article-s-objective-preregistration,article-s-objective-implementation,1.2,0.95,random_best_of_5_primary,True,0.10586030899443685,,,,,,,,,,False,0.10586030899443685,0.12070587187847989,32
7e28542fda40db288ad2613b49f17b1248f6f2ce,False,True,article-s-objective-preregistration,article-s-objective-implementation,1.2,0.95,simple_anisotropy_heuristic,True,0.13319743561457206,cc837d6b51d73c23db32f93390d62df6960d9f2bea9f6ccda2f580fdaba8452f,,,28.25758505895529,26.138266179533645,0.925,0.010615018964437617,1.446741122332222,1737,True,,,
7e28542fda40db288ad2613b49f17b1248f6f2ce,False,True,article-s-objective-preregistration,article-s-objective-implementation,1.2,0.9,isotropic_same_n,True,8.681956532927068e-12,a2b4ddcb9cc027b384b338298a9d297121639d42959d9f51f86f47f19e876568,,,26.994275135346882,26.994275135346882,1.0,0.010690521716695489,1.5160295869366662,1717,False,,,
7e28542fda40db288ad2613b49f17b1248f6f2ce,False,True,article-s-objective-preregistration,article-s-objective-implementation,1.2,0.9,best_training,True,8.558321361325716e-12,72dd53a7f8dd5368c287ca360aa45ec42e1b61787c4ac4df578ca8ed1d5d0779,,,27.0,27.0,1.0,0.010689289799576063,1.5159264178177203,1721,False,,,
7e28542fda40db288ad2613b49f17b1248f6f2ce,False,True,article-s-objective-preregistration,article-s-objective-implementation,1.2,0.9,random_best_of_5_primary,True,0.1634526487064499,,,,,,,,,,False,0.1634526487064499,0.21744786162935073,49
7e28542fda40db288ad2613b49f17b1248f6f2ce,False,True,article-s-objective-preregistration,article-s-objective-implementation,1.2,0.9,simple_anisotropy_heuristic,True,0.2914202400801934,d36097c7d5e08a8e68179331e9f787f2febb9c5e4fb779ce8e0f3a4f7c2fb336,,,29.59115794753301,25.30044004514072,0.855,0.010530194778005875,1.3652683362424374,1765,True,,,
7e28542fda40db288ad2613b49f17b1248f6f2ce,False,True,article-s-objective-preregistration,article-s-objective-implementation,2.0,0.95,isotropic_same_n,True,1.1022505099839044e-11,431e66a8a2d67a9841e38c4e6821ec04478759f8005bba1bf3290c0ecda9f6cd,,,26.924700642325856,26.924700642325856,1.0,0.00781612763437689,1.536747590368569,2261,False,,,
7e28542fda40db288ad2613b49f17b1248f6f2ce,False,True,article-s-objective-preregistration,article-s-objective-implementation,2.0,0.95,best_training,True,1.1551339389670837e-11,a1fa64acc9992946c7c439b404a340dae6b9f10d1b6434cb37cb0f80836c752c,,,27.0,27.0,1.0,0.007727409624868287,1.536752229151908,2289,False,,,
7e28542fda40db288ad2613b49f17b1248f6f2ce,False,True,article-s-objective-preregistration,article-s-objective-implementation,2.0,0.95,random_best_of_5_primary,True,0.09304589247856304,,,,,,,,,,False,0.09304589247856304,0.11178894721984699,28
7e28542fda40db288ad2613b49f17b1248f6f2ce,False,True,article-s-objective-preregistration,article-s-objective-implementation,2.0,0.95,simple_anisotropy_heuristic,True,0.13028659477290327,ceb38df55a6380877cbbd5577b9dbe60def38cc132bc79f9287d1854eadb1711,,,27.955027996383723,26.2777263166007,0.94,0.0076710757496356585,1.4715467505003572,2307,True,,,
7e28542fda40db288ad2613b49f17b1248f6f2ce,False,True,article-s-objective-preregistration,article-s-objective-implementation,2.0,0.9,isotropic_same_n,True,1.1022505099839044e-11,431e66a8a2d67a9841e38c4e6821ec04478759f8005bba1bf3290c0ecda9f6cd,,,26.924700642325856,26.924700642325856,1.0,0.00781612763437689,1.536747590368569,2261,False,,,
7e28542fda40db288ad2613b49f17b1248f6f2ce,False,True,article-s-objective-preregistration,article-s-objective-implementation,2.0,0.9,best_training,True,1.1551339389670837e-11,a1fa64acc9992946c7c439b404a340dae6b9f10d1b6434cb37cb0f80836c752c,,,27.0,27.0,1.0,0.007727409624868287,1.536752229151908,2289,False,,,
7e28542fda40db288ad2613b49f17b1248f6f2ce,False,True,article-s-objective-preregistration,article-s-objective-implementation,2.0,0.9,random_best_of_5_primary,True,0.25527958328353834,,,,,,,,,,False,0.25527958328353834,0.2606536397749358,46
7e28542fda40db288ad2613b49f17b1248f6f2ce,False,True,article-s-objective-preregistration,article-s-objective-implementation,2.0,0.9,simple_anisotropy_heuristic,True,0.29089121373805815,e2368c4e851516cb58224f25b22ce080dabe29427b1c7ed988fb02b0546bae47,,,28.996010386636527,25.66146919217333,0.885,0.007640078157254315,1.3908654983837887,2327,True,,,
7e28542fda40db288ad2613b49f17b1248f6f2ce,False,True,article-s-objective-preregistration,article-s-objective-implementation,3.0,0.95,isotropic_same_n,True,1.9719028815905946e-11,054e46019a91fa16fb7c5aea3485beb9fcb430a92c6e9fdd7cbf9381e0902799,,,26.834284998222778,26.834284998222778,1.0,0.007071545621985198,1.5255277762565296,2533,False,,,
7e28542fda40db288ad2613b49f17b1248f6f2ce,False,True,article-s-objective-preregistration,article-s-objective-implementation,3.0,0.95,best_training,True,1.7062240149484624e-11,ca55799fcdcc4216256dd9f178628b8f1373c08ae4d5258b6d2bc27024698d42,,,27.0,27.0,1.0,0.007053480364534792,1.5250299615815381,2545,False,,,
7e28542fda40db288ad2613b49f17b1248f6f2ce,False,True,article-s-objective-preregistration,article-s-objective-implementation,3.0,0.95,random_best_of_5_primary,True,0.11248195020762473,,,,,,,,,,False,0.11248195020762473,0.13978460265382875,29
7e28542fda40db288ad2613b49f17b1248f6f2ce,False,True,article-s-objective-preregistration,article-s-objective-implementation,3.0,0.95,simple_anisotropy_heuristic,True,0.150066902451643,be519d22670f37de0cfb65db8e7e2ec9daae5418285b3c2895718a0409ee208c,,,27.933065351372232,26.11741610353304,0.935,0.006980265780967443,1.4529577047583657,2567,True,,,
7e28542fda40db288ad2613b49f17b1248f6f2ce,False,True,article-s-objective-preregistration,article-s-objective-implementation,3.0,0.9,isotropic_same_n,True,1.9719028815905946e-11,054e46019a91fa16fb7c5aea3485beb9fcb430a92c6e9fdd7cbf9381e0902799,,,26.834284998222778,26.834284998222778,1.0,0.007071545621985198,1.5255277762565296,2533,False,,,
7e28542fda40db288ad2613b49f17b1248f6f2ce,False,True,article-s-objective-preregistration,article-s-objective-implementation,3.0,0.9,best_training,True,1.7062240149484624e-11,ca55799fcdcc4216256dd9f178628b8f1373c08ae4d5258b6d2bc27024698d42,,,27.0,27.0,1.0,0.007053480364534792,1.5250299615815381,2545,False,,,
7e28542fda40db288ad2613b49f17b1248f6f2ce,False,True,article-s-objective-preregistration,article-s-objective-implementation,3.0,0.9,random_best_of_5_primary,True,0.2779207232783861,,,,,,,,,,False,0.2779207232783861,0.29698591594674195,43
7e28542fda40db288ad2613b49f17b1248f6f2ce,False,True,article-s-objective-preregistration,article-s-objective-implementation,3.0,0.9,simple_anisotropy_heuristic,True,0.30666778260464495,c1623fa126f9e4941324d890ddfd530e0f29a3f53bb313d0b4b1c04596952305,,,28.67137264451316,25.66087851683928,0.895,0.0069176744961039205,1.3733107712488657,2603,True,,,
7e28542fda40db288ad2613b49f17b1248f6f2ce,False,True,article-s-objective-preregistration,article-s-objective-implementation,4.0,0.95,isotropic_same_n,True,1.732350236819349e-11,6b562417b14fd5837d96eb2ae4d4862b24353fbdac76c0c81a6acae6036d9b7a,,,26.842160022920158,26.842160022920158,1.0,0.006895834047334404,1.5143127309059565,2641,False,,,
7e28542fda40db288ad2613b49f17b1248f6f2ce,False,True,article-s-objective-preregistration,article-s-objective-implementation,4.0,0.95,best_training,True,0.11920165067836844,0aacae0040c2e7d96b715a55082c6af21625e6c679b162bc6b8521320a76a079,,,27.0,25.38,0.94,0.007184997040124763,1.4561239824800627,2533,False,,,
7e28542fda40db288ad2613b49f17b1248f6f2ce,False,True,article-s-objective-preregistration,article-s-objective-implementation,4.0,0.95,random_best_of_5_primary,True,0.10751414805016284,,,,,,,,,,False,0.10751414805016284,0.1292786439054841,29
7e28542fda40db288ad2613b49f17b1248f6f2ce,False,True,article-s-objective-preregistration,article-s-objective-implementation,4.0,0.95,simple_anisotropy_heuristic,True,0.1292786439054841,2431fb704afe597c29223938de870c7b1a94b425b1609954093433f09009e65f,,,27.92388744261127,26.10883475884154,0.935,0.006729459220384371,1.4530625760322384,2703,True,,,
7e28542fda40db288ad2613b49f17b1248f6f2ce,False,True,article-s-objective-preregistration,article-s-objective-implementation,4.0,0.9,isotropic_same_n,True,1.732350236819349e-11,6b562417b14fd5837d96eb2ae4d4862b24353fbdac76c0c81a6acae6036d9b7a,,,26.842160022920158,26.842160022920158,1.0,0.006895834047334404,1.5143127309059565,2641,False,,,
7e28542fda40db288ad2613b49f17b1248f6f2ce,False,True,article-s-objective-preregistration,article-s-objective-implementation,4.0,0.9,best_training,True,0.11920165067836844,0aacae0040c2e7d96b715a55082c6af21625e6c679b162bc6b8521320a76a079,,,27.0,25.38,0.94,0.007184997040124763,1.4561239824800627,2533,False,,,
7e28542fda40db288ad2613b49f17b1248f6f2ce,False,True,article-s-objective-preregistration,article-s-objective-implementation,4.0,0.9,random_best_of_5_primary,True,0.1292786439054841,,,,,,,,,,False,0.1292786439054841,0.24720503553664835,34
7e28542fda40db288ad2613b49f17b1248f6f2ce,False,True,article-s-objective-preregistration,article-s-objective-implementation,4.0,0.9,simple_anisotropy_heuristic,True,0.30591846825010227,10f738da8861ca59c22a7a7cd7b1ad94913c009dc261088783569d4568b5fb2a,,,28.28092682151991,25.877048041690717,0.915,0.006746586561859225,1.3635496918283683,2707,True,,,
