preregistration_commit,rules_changed_after_execution,S_experiment_started_after_preregistration,protocol_branch,implementation_branch,n,alpha,candidate_rank,candidate_type,a,b,aspect_ratio,Ekin_target,E0_Kwant,E1_Kwant,E2_Kwant,E3_Kwant,Ekin_Kwant,dE1_Kwant,dE2_Kwant,Q_Kwant,S_Kwant,geometry_hash,N_sites,N_A,N_B,imbalance_ratio,failure_mode,passes_Ekin_constraint,passes_Q_constraint
7e28542fda40db288ad2613b49f17b1248f6f2ce,False,True,article-s-objective-preregistration,article-s-objective-implementation,1.2,0.95,1,method_candidate,28.16839886459659,26.19661094407483,0.93,0.010689289799576063,-3.989411017354033,-3.9740333137561454,-3.972755161373558,-3.9566389034165956,0.010588982645967082,0.015377703597887482,0.0012781523825875496,1.4522361696139177,0.12070587187847989,c6914383e7d63a10dba810cd123021dee0f68dc4ef05cc49780e6587add9f25e,1741,879,862,0.009764503159103963,ok,True,True
7e28542fda40db288ad2613b49f17b1248f6f2ce,False,True,article-s-objective-preregistration,article-s-objective-implementation,1.2,0.95,2,method_candidate,27.733530532759957,26.485521658785757,0.955,0.010689289799576063,-3.9893684496440245,-3.9737616554000654,-3.9727744644323923,-3.9561539650353557,0.010631550355975516,0.015606794243959055,0.0009871909676730795,1.4679697430193872,0.09285484568280522,f96d40f5bcc970440b7fe5f05f532a044dd8b16d60ddcad8952116a886ec56ed,1731,869,862,0.004043905257076834,ok,True,True
7e28542fda40db288ad2613b49f17b1248f6f2ce,False,True,article-s-objective-preregistration,article-s-objective-implementation,1.2,0.95,3,method_candidate,27.481112747349123,26.65667936492865,0.97,0.010689289799576063,-3.989402635863876,-3.973602622465434,-3.9731017323372817,-3.956160851557258,0.01059736413612411,0.015800013398441948,0.0005008901281522427,1.4909380479418592,0.047265539026333646,3287a414615cfa36ed9f4d0b47b16f4db3f601984cd7ccbf507fc1228c6575f3,1735,873,862,0.006340057636887608,ok,True,True
7e28542fda40db288ad2613b49f17b1248f6f2ce,False,True,article-s-objective-preregistration,article-s-objective-implementation,1.2,0.95,4,method_candidate,26.994275135346882,26.994275135346882,1.0,0.010689289799576063,-3.9893094782833076,-3.973102331060996,-3.9731023310609186,-3.9555610032393673,0.01069052171669238,0.016207147222311757,7.72715225139109e-14,1.5160295869382703,7.228040367127986e-12,a2b4ddcb9cc027b384b338298a9d297121639d42959d9f51f86f47f19e876568,1717,865,852,0.007571345369831101,ok,True,True
7e28542fda40db288ad2613b49f17b1248f6f2ce,False,True,article-s-objective-preregistration,article-s-objective-implementation,1.2,0.9,1,method_candidate,29.49028554267818,25.361645566703235,0.86,0.010689289799576063,-3.9894558007794205,-3.9750019455576138,-3.9720238449511913,-3.9579174435667808,0.010544199220579475,0.014453855221806755,0.0029781006064224513,1.3707873798132217,0.2824397134502154,4e4c0b87d6c7c965d757f4aae4ac53dd5ea5117700c42f9feae54cf2f9f2666f,1757,877,880,0.001707455890722823,ok,True,True
7e28542fda40db288ad2613b49f17b1248f6f2ce,False,True,article-s-objective-preregistration,article-s-objective-implementation,1.2,0.9,2,method_candidate,29.19310194979746,25.543964206072776,0.875,0.010689289799576063,-3.989403505160882,-3.974665675241794,-3.972103752630226,-3.9574128135196154,0.010596494839118176,0.014737829919087897,0.0025619226115680682,1.3908212237013986,0.2417707600923314,75b5dd72ea6ac96e0133c9d1d2178ab6dd62566e7e5815586d1291603a208713,1753,881,872,0.00513405590416429,ok,True,True
7e28542fda40db288ad2613b49f17b1248f6f2ce,False,True,article-s-objective-preregistration,article-s-objective-implementation,1.2,0.9,3,method_candidate,28.99937842063048,25.664449902257978,0.885,0.010689289799576063,-3.989354072921747,-3.9742009219834697,-3.9723274598138856,-3.9568360523947743,0.01064592707825307,0.015153150938277182,0.0018734621695841724,1.4233754211252516,0.17597924124533793,eedde0b36d2c745d1cdeec81c9be1e33254739658b3b29809ced9a65220788ad,1739,881,858,0.013225991949396205,ok,True,True
7e28542fda40db288ad2613b49f17b1248f6f2ce,False,True,article-s-objective-preregistration,article-s-objective-implementation,1.2,0.9,4,method_candidate,28.438251090589276,26.02099974788919,0.915,0.010689289799576063,-3.9893842454056676,-3.9741157555833184,-3.9725221425891473,-3.956600461852364,0.010615754594332394,0.015268489822349185,0.0015936129941711563,1.4382858690517226,0.1501177311523351,508720285d442da6712afa159529d21cf9cda6652e4f7ebfdf525637322561c2,1737,879,858,0.012089810017271158,ok,True,True
7e28542fda40db288ad2613b49f17b1248f6f2ce,False,True,article-s-objective-preregistration,article-s-objective-implementation,1.2,0.9,5,method_candidate,27.992268716072033,26.31273259310771,0.94,0.010689289799576063,-3.9893874155821085,-3.9738881265432897,-3.9727529938704063,-3.9563377748481696,0.01061258441789148,0.015499289038818809,0.0011351326728834543,1.4604632037309366,0.10696100291741979,6901f1230a2bf953804315df5fd9d8c7365176c530c6d9a813113805b2e3c892,1731,873,858,0.008665511265164644,ok,True,True
7e28542fda40db288ad2613b49f17b1248f6f2ce,False,True,article-s-objective-preregistration,article-s-objective-implementation,2.0,0.95,1,method_candidate,27.776118911277827,26.387312965713935,0.95,0.007727409624868287,-3.9923289242503643,-3.981040577658146,-3.980041139320481,-3.9654309886151418,0.0076710757496356585,0.011288346592218446,0.0009994383376650262,1.4715467505003572,0.13028659477290327,ceb38df55a6380877cbbd5577b9dbe60def38cc132bc79f9287d1854eadb1711,2307,1153,1154,0.00043346337234503684,ok,True,True
7e28542fda40db288ad2613b49f17b1248f6f2ce,False,True,article-s-objective-preregistration,article-s-objective-implementation,2.0,0.95,2,method_candidate,27.513311665872397,26.550345757566863,0.965,0.007727409624868287,-3.9923047920663777,-3.980827745050797,-3.98013130359603,-3.965257726516311,0.007695207933622328,0.0114770470155805,0.0006964414547669939,1.4914537871594542,0.09050326654905105,5ae72ff5ada2f78147c930cc70279e5f0e2a9f52b792055528978ef7ce69207c,2299,1153,1146,0.003044802087864289,ok,True,True
7e28542fda40db288ad2613b49f17b1248f6f2ce,False,True,article-s-objective-preregistration,article-s-objective-implementation,2.0,0.95,3,method_candidate,27.172871452879612,26.765278381086418,0.985,0.007727409624868287,-3.992265130837701,-3.980550011053856,-3.9802072647853075,-3.9649291926931167,0.007734869162299152,0.011715119783844763,0.00034274626854857715,1.5145853844491535,0.044311837906602355,7ff86373618a8a719ebc63a9cd51338ccc10f7f8c69d3e661f1de16021dacc44,2287,1145,1142,0.0013117621337997377,ok,True,True
7e28542fda40db288ad2613b49f17b1248f6f2ce,False,True,article-s-objective-preregistration,article-s-objective-implementation,2.0,0.95,4,method_candidate,26.924700642325856,26.924700642325856,1.0,0.007727409624868287,-3.992183872365621,-3.9801724570574786,-3.9801724570573715,-3.964486092137974,0.00781612763437911,0.012011415308142315,1.0702549957386509e-13,1.5367475903681893,1.369290581989925e-11,431e66a8a2d67a9841e38c4e6821ec04478759f8005bba1bf3290c0ecda9f6cd,2261,1137,1124,0.005749668288367979,ok,True,True
7e28542fda40db288ad2613b49f17b1248f6f2ce,False,True,article-s-objective-preregistration,article-s-objective-implementation,2.0,0.9,1,method_candidate,28.70209540202091,25.83188586181882,0.9,0.007727409624868287,-3.9923712586107984,-3.9816238756420534,-3.97967641371924,-3.966318062455323,0.007628741389201554,0.010747382968745,0.001947461922813254,1.408801586059513,0.25527958328353834,807a5fa8c72814e5fce91ac8191e3c0d53e5f2660e69c59815e36843a4c641cf,2327,1169,1158,0.004727116458960034,ok,True,True
7e28542fda40db288ad2613b49f17b1248f6f2ce,False,True,article-s-objective-preregistration,article-s-objective-implementation,2.0,0.9,2,method_candidate,28.322102539405343,26.056334336252917,0.92,0.007727409624868287,-3.992350806976129,-3.9814128143449725,-3.9797823606582288,-3.9659130250228682,0.007649193023870904,0.010937992631156579,0.0016304536867437491,1.4299537999658642,0.21315368584052957,3c92ff04355210c03c78a72609a172ea0ef6be432be00abe9e61218e2a46d720,2321,1163,1158,0.002154243860404998,ok,True,True
7e28542fda40db288ad2613b49f17b1248f6f2ce,False,True,article-s-objective-preregistration,article-s-objective-implementation,2.0,0.9,3,method_candidate,28.045623901878134,26.222658348256058,0.935,0.007727409624868287,-3.9923485082697843,-3.9811951230103215,-3.9799866234122327,-3.9656300614183198,0.0076514917302157315,0.011153385259462745,0.0012084995980887747,1.457674614666058,0.15794300519419124,22a5fa13458d83bb6094afb602d3b19eb3db6d208191ac4e054de5f23c81b677,2317,1159,1158,0.00043159257660768235,ok,True,True
7e28542fda40db288ad2613b49f17b1248f6f2ce,False,True,article-s-objective-preregistration,article-s-objective-implementation,2.0,0.9,4,method_candidate,27.68778549047297,26.441835143401683,0.955,0.007727409624868287,-3.9923457671950353,-3.9809875213825805,-3.9801790578557763,-3.9654334940284204,0.007654232804964689,0.011358245812454815,0.0008084635268041929,1.4839169518188196,0.10562306470216155,cf64feb106cd9eee40661138a0d491338636725e3f7226a3973341dcf36ccf2b,2311,1157,1154,0.0012981393336218088,ok,True,True
7e28542fda40db288ad2613b49f17b1248f6f2ce,False,True,article-s-objective-preregistration,article-s-objective-implementation,2.0,0.9,5,method_candidate,27.341698291186976,26.6581558339073,0.975,0.007727409624868287,-3.992293763151216,-3.9807128199806407,-3.9801902051201985,-3.9651418718080063,0.0077062368487839095,0.011580943170575342,0.0005226148604422498,1.5028013539971699,0.0678171292548219,2b6605dbd3a4160e7bb186e403c24e8e6505fd569174bcf87bb6ef8f12b1f332,2295,1149,1146,0.00130718954248366,ok,True,True
7e28542fda40db288ad2613b49f17b1248f6f2ce,False,True,article-s-objective-preregistration,article-s-objective-implementation,3.0,0.95,1,method_candidate,27.582371269541493,26.341164562412125,0.955,0.007053480364534792,-3.993059737089269,-3.9828394221478067,-3.982058767840654,-3.970066045651861,0.006940262910731132,0.010220314941462139,0.0007806543071526839,1.4726120714619246,0.11248195020762473,a5140bd3e745b1aedc8ca7629b172de6bc9c5008da4954f32115e9e712b82330,2575,1289,1286,0.0011650485436893205,ok,True,True
7e28542fda40db288ad2613b49f17b1248f6f2ce,False,True,article-s-objective-preregistration,article-s-objective-implementation,3.0,0.95,2,method_candidate,27.160035559483536,26.616834848293866,0.98,0.007053480364534792,-3.9930326377768104,-3.982618894215085,-3.9821526349299763,-3.9700260432320134,0.00696736222318961,0.010413743561725308,0.00046625928510879433,1.4946465000865088,0.06692048872626921,0f4f783754d17acf17f536cff7ac2c07fdb214f90fa5b22a6188c9dfd6cbc3bf,2567,1285,1282,0.001168679392286716,ok,True,True
7e28542fda40db288ad2613b49f17b1248f6f2ce,False,True,article-s-objective-preregistration,article-s-objective-implementation,3.0,0.95,3,method_candidate,26.995854105136505,26.72589556408514,0.99,0.007053480364534792,-3.9929178242201293,-3.98212744951523,-3.9820973526843586,-3.9697741601461844,0.007082175779870692,0.010790374704899186,3.009683087151771e-05,1.5235960021732473,0.004249658834656491,4d0a9ec78018f88daeb05f38b5560bc8ecaf3a16e0b6544d8d4d4a3782324985,2529,1269,1260,0.0035587188612099642,ok,True,True
7e28542fda40db288ad2613b49f17b1248f6f2ce,False,True,article-s-objective-preregistration,article-s-objective-implementation,3.0,0.9,1,method_candidate,28.388498947653826,25.83353404236498,0.91,0.007053480364534792,-3.9930334657210835,-3.983395798703329,-3.981383718689,-3.970050207878246,0.00696653427891647,0.009637667017754481,0.002012080014329065,1.3834234688146059,0.2888208015308885,6e53eea8ed015b90c44183e4adae92ae85a509f40eaa981fa476abea917e3169,2579,1293,1286,0.002714230321830167,ok,True,True
7e28542fda40db288ad2613b49f17b1248f6f2ce,False,True,article-s-objective-preregistration,article-s-objective-implementation,3.0,0.9,2,method_candidate,28.11290117382813,26.004433585791023,0.925,0.007053480364534792,-3.993022308514266,-3.9831925510875212,-3.98152228167949,-3.9699357362481202,0.006977691485734017,0.009829757426744745,0.0016702694080312774,1.408740619564768,0.23937277987227804,c366ebe0a496aba25e76af82bc8e529342f9bc24a341e339788f21b37e3e5324,2573,1291,1282,0.003497862417411582,ok,True,True
7e28542fda40db288ad2613b49f17b1248f6f2ce,False,True,article-s-objective-preregistration,article-s-objective-implementation,3.0,0.9,3,method_candidate,27.933065351372232,26.11741610353304,0.935,0.007053480364534792,-3.9930197342190326,-3.9828777032713147,-3.9818301964072758,-3.96997001178852,0.006980265780967443,0.010142030947717817,0.0010475068640389829,1.4529577047583657,0.150066902451643,be519d22670f37de0cfb65db8e7e2ec9daae5418285b3c2895718a0409ee208c,2567,1293,1274,0.007401636151149201,ok,True,True
7e28542fda40db288ad2613b49f17b1248f6f2ce,False,True,article-s-objective-preregistration,article-s-objective-implementation,3.0,0.9,4,method_candidate,27.668947537488787,26.285500160614347,0.95,0.007053480364534792,-3.993045415750452,-3.9828298357969527,-3.981997864002758,-3.970017126056852,0.006954584249548201,0.010215579953499088,0.0008319717941946969,1.468898727362852,0.11962926385552741,cf6ae933c8f153d85c018df08c1c5406f2fc47da1aefeff6bb83dcdc9a9ca51a,2571,1289,1282,0.0027226760015558148,ok,True,True
7e28542fda40db288ad2613b49f17b1248f6f2ce,False,True,article-s-objective-preregistration,article-s-objective-implementation,3.0,0.9,5,method_candidate,27.160035559483536,26.616834848293866,0.98,0.007053480364534792,-3.9930326377768104,-3.982618894215085,-3.9821526349299763,-3.9700260432320134,0.00696736222318961,0.010413743561725308,0.00046625928510879433,1.4946465000865088,0.06692048872626921,0f4f783754d17acf17f536cff7ac2c07fdb214f90fa5b22a6188c9dfd6cbc3bf,2567,1285,1282,0.001168679392286716,ok,True,True
7e28542fda40db288ad2613b49f17b1248f6f2ce,False,True,article-s-objective-preregistration,article-s-objective-implementation,4.0,0.95,1,method_candidate,27.578689052798456,26.337648045422526,0.955,0.006858160651241896,-3.993296046501079,-3.9834897845105384,-3.9827500960840623,-3.972016146931706,0.006703953498921056,0.009806261990540577,0.0007396884264760928,1.4627580564392058,0.11033615113755478,930fb8abc2630f8e85bc92bcf1bbf14a0575a8a2f5a51694644e5db61fcdef1c,2707,1349,1358,0.0033247137052087182,ok,True,True
7e28542fda40db288ad2613b49f17b1248f6f2ce,False,True,article-s-objective-preregistration,article-s-objective-implementation,4.0,0.95,2,method_candidate,27.081755414772125,26.675529083550543,0.985,0.006858160651241896,-3.9932374553945857,-3.983217491657796,-3.9827160586146837,-3.9717040583691126,0.006762544605414256,0.010019963736789705,0.0005014330431123426,1.481685418942373,0.07414857459289559,f40cc03b70afe8f8eb42e112cdb18445841b8ce9a0fb711d6d5b8628209c3728,2683,1341,1342,0.0003727171077152441,ok,True,True
7e28542fda40db288ad2613b49f17b1248f6f2ce,False,True,article-s-objective-preregistration,article-s-objective-implementation,4.0,0.95,3,method_candidate,26.921390348464683,26.78678339672236,0.995,0.006858160651241896,-3.993115703984206,-3.982705458138283,-3.982689208859346,-3.9715816158537973,0.006884296015793989,0.010410245845922983,1.624927893706385e-05,1.5121728964065084,0.0023603399533931525,980825f875ffb7d7690e6ab791f7f41e5e312bf6576af4b08ec6fcd64cc5a10f,2649,1325,1324,0.00037750094375235937,ok,True,True
7e28542fda40db288ad2613b49f17b1248f6f2ce,False,True,article-s-objective-preregistration,article-s-objective-implementation,4.0,0.9,1,method_candidate,28.372113627422966,25.8186234009549,0.91,0.006858160651241896,-3.9932669320163465,-3.984106425385322,-3.98201440242007,-3.972036078849986,0.0067330679836534735,0.009160506631024745,0.002092022965251683,1.3605248979016107,0.31070872451172205,1f261b3e22e7feb822c840e0af58a7cd5dd13153df4db45b57ddc6b6f648654c,2715,1353,1362,0.0033149171270718232,q_preservation_failed,True,False
7e28542fda40db288ad2613b49f17b1248f6f2ce,False,True,article-s-objective-preregistration,article-s-objective-implementation,4.0,0.9,2,method_candidate,28.012012072762065,26.05117122766872,0.93,0.006858160651241896,-3.9933103261497185,-3.9837637758345017,-3.982509151694424,-3.9718438681494126,0.006689673850281519,0.009546550315216784,0.0012546241400777092,1.4270576606384242,0.18754638389805975,780c9f88607c65db287332c299a37843d5da777913186d06c2123c8fd655295c,2717,1359,1358,0.000368052999631947,ok,True,True
7e28542fda40db288ad2613b49f17b1248f6f2ce,False,True,article-s-objective-preregistration,article-s-objective-implementation,4.0,0.9,3,method_candidate,27.92388744261127,26.10883475884154,0.935,0.006858160651241896,-3.9932705407796156,-3.98349221542954,-3.9826222400673115,-3.971917723092657,0.006729459220384371,0.009778325350075612,0.0008699753622285478,1.4530625760322384,0.1292786439054841,2431fb704afe597c29223938de870c7b1a94b425b1609954093433f09009e65f,2703,1353,1350,0.0011098779134295228,ok,True,True
7e28542fda40db288ad2613b49f17b1248f6f2ce,False,True,article-s-objective-preregistration,article-s-objective-implementation,4.0,0.9,4,method_candidate,27.578689052798456,26.337648045422526,0.955,0.006858160651241896,-3.993296046501079,-3.9834897845105384,-3.9827500960840623,-3.972016146931706,0.006703953498921056,0.009806261990540577,0.0007396884264760928,1.4627580564392058,0.11033615113755478,930fb8abc2630f8e85bc92bcf1bbf14a0575a8a2f5a51694644e5db61fcdef1c,2707,1349,1358,0.0033247137052087182,ok,True,True
7e28542fda40db288ad2613b49f17b1248f6f2ce,False,True,article-s-objective-preregistration,article-s-objective-implementation,4.0,0.9,5,method_candidate,27.081755414772125,26.675529083550543,0.985,0.006858160651241896,-3.9932374553945857,-3.983217491657796,-3.9827160586146837,-3.9717040583691126,0.006762544605414256,0.010019963736789705,0.0005014330431123426,1.481685418942373,0.07414857459289559,f40cc03b70afe8f8eb42e112cdb18445841b8ce9a0fb711d6d5b8628209c3728,2683,1341,1342,0.0003727171077152441,ok,True,True
