n,a_circ,a,x0,y0,N_sites,E0,Ekin0,lamA_sites,lamA_an
1.2,24.0,27.735270696890943,0.0,0.0,1817,-3.989863624157762,0.010136375842237921,5.862566200077181,5.838552485129044
1.2,24.0,27.735270696890943,0.0,0.25,1805,-3.9898107324464935,0.010189267553506465,5.854236994431365,5.869018110819723
1.2,24.0,27.735270696890943,0.0,0.5,1812,-3.9898424504505257,0.010157549549474343,5.8586461750908985,5.850748540497222
1.2,24.0,27.735270696890943,0.0,0.75,1805,-3.989810732446493,0.010189267553506909,5.854236994431621,5.8690181108199795
1.2,24.0,27.735270696890943,0.25,0.0,1805,-3.9898107324464935,0.010189267553506465,5.854236994431365,5.869018110819723
1.2,24.0,27.735270696890943,0.25,0.25,1811,-3.989839498928204,0.010160501071796002,5.8571143588576735,5.852448617354497
1.2,24.0,27.735270696890943,0.25,0.5,1810,-3.9898253501233545,0.010174649876645514,5.862031875992866,5.860598328947816
1.2,24.0,27.735270696890943,0.25,0.75,1811,-3.9898394989282044,0.010160501071795558,5.857114358857419,5.852448617354242
1.2,24.0,27.735270696890943,0.5,0.0,1812,-3.9898424504505257,0.010157549549474343,5.8586461750908985,5.850748540497222
1.2,24.0,27.735270696890943,0.5,0.25,1810,-3.989825350123355,0.01017464987664507,5.862031875992611,5.860598328947561
1.2,24.0,27.735270696890943,0.5,0.5,1816,-3.989875974116229,0.010124025883770926,5.852200788641332,5.8314389090520535
1.2,24.0,27.735270696890943,0.5,0.75,1810,-3.9898253501233545,0.010174649876645514,5.862031875992866,5.860598328947816
1.2,24.0,27.735270696890943,0.75,0.0,1805,-3.9898107324464935,0.010189267553506465,5.854236994431365,5.869018110819723
1.2,24.0,27.735270696890943,0.75,0.25,1811,-3.989839498928204,0.010160501071796002,5.8571143588576735,5.852448617354497
1.2,24.0,27.735270696890943,0.75,0.5,1810,-3.9898253501233545,0.010174649876645514,5.862031875992866,5.860598328947816
1.2,24.0,27.735270696890943,0.75,0.75,1811,-3.989839498928204,0.010160501071796002,5.8571143588576735,5.852448617354497
1.2,30.0,34.66908837111368,0.0,0.0,2821,-3.9934148080685747,0.0065851919314252605,5.913187509311094,5.926672738282735
1.2,30.0,34.66908837111368,0.0,0.25,2829,-3.9934593241909626,0.006540675809037388,5.889869853949193,5.8866082281336505
1.2,30.0,34.66908837111368,0.0,0.5,2838,-3.993482215441843,0.006517784558157214,5.88792839037032,5.866006102341492
1.2,30.0,34.66908837111368,0.0,0.75,2829,-3.9934593241909626,0.006540675809037388,5.889869853949193,5.8866082281336505
1.2,30.0,34.66908837111368,0.25,0.0,2829,-3.9934593241909626,0.006540675809037388,5.889869853949193,5.8866082281336505
1.2,30.0,34.66908837111368,0.25,0.25,2825,-3.993439143794952,0.006560856205048093,5.899688732109238,5.904770584543285
1.2,30.0,34.66908837111368,0.25,0.5,2830,-3.993457261991094,0.006542738008906035,5.893809480375032,5.888464208015433
1.2,30.0,34.66908837111368,0.25,0.75,2825,-3.9934391437949524,0.006560856205047649,5.89968873210884,5.904770584542885
1.2,30.0,34.66908837111368,0.5,0.0,2838,-3.993482215441843,0.006517784558157214,5.88792839037032,5.866006102341492
1.2,30.0,34.66908837111368,0.5,0.25,2830,-3.993457261991094,0.006542738008906035,5.893809480375032,5.888464208015433
1.2,30.0,34.66908837111368,0.5,0.5,2804,-3.9933963697637296,0.006603630236270419,5.8940102120954405,5.943267212643378
1.2,30.0,34.66908837111368,0.5,0.75,2830,-3.9934572619910944,0.006542738008905591,5.893809480374633,5.888464208015033
1.2,30.0,34.66908837111368,0.75,0.0,2829,-3.993459324190963,0.006540675809036944,5.889869853948793,5.886608228133251
1.2,30.0,34.66908837111368,0.75,0.25,2825,-3.9934391437949515,0.0065608562050485375,5.899688732109637,5.904770584543685
1.2,30.0,34.66908837111368,0.75,0.5,2830,-3.9934572619910944,0.006542738008905591,5.893809480374633,5.888464208015033
1.2,30.0,34.66908837111368,0.75,0.75,2825,-3.993439143794953,0.006560856205047205,5.89968873210844,5.904770584542486
1.2,36.0,41.60290604533641,0.0,0.0,4073,-3.9954287367396915,0.004571263260308545,5.926533867451489,5.924357185359872
1.2,36.0,41.60290604533641,0.0,0.25,4069,-3.995428711012228,0.0045712889877718155,5.920746876584799,5.924390528152272
1.2,36.0,41.60290604533641,0.0,0.5,4080,-3.9954470717162778,0.004552928283722224,5.912907701881897,5.9005950557040014
1.2,36.0,41.60290604533641,0.0,0.75,4069,-3.995428711012228,0.0045712889877718155,5.920746876584799,5.924390528152272
1.2,36.0,41.60290604533641,0.25,0.0,4069,-3.995428711012229,0.004571288987770927,5.920746876583648,5.924390528151121
1.2,36.0,41.60290604533641,0.25,0.25,4075,-3.9954365778067835,0.004563422193216482,5.919273275645141,5.914195162408561
1.2,36.0,41.60290604533641,0.25,0.5,4068,-3.9954233719906957,0.004576628009304251,5.926205206959548,5.9313099000583085
1.2,36.0,41.60290604533641,0.25,0.75,4075,-3.9954365778067844,0.004563422193215594,5.919273275643989,5.914195162407409
1.2,36.0,41.60290604533641,0.5,0.0,4080,-3.9954470717162773,0.004552928283722668,5.912907701882474,5.900595055704577
1.2,36.0,41.60290604533641,0.5,0.25,4068,-3.9954233719906957,0.004576628009304251,5.926205206959548,5.9313099000583085
1.2,36.0,41.60290604533641,0.5,0.5,4068,-3.995431714790892,0.004568285209107792,5.915402243322484,5.920497631003698
1.2,36.0,41.60290604533641,0.5,0.75,4068,-3.995423371990696,0.004576628009303807,5.926205206958972,5.931309900057733
1.2,36.0,41.60290604533641,0.75,0.0,4069,-3.995428711012228,0.0045712889877718155,5.920746876584799,5.924390528152272
1.2,36.0,41.60290604533641,0.75,0.25,4075,-3.995436577806784,0.004563422193216038,5.9192732756445645,5.914195162407984
1.2,36.0,41.60290604533641,0.75,0.5,4068,-3.995423371990696,0.004576628009303807,5.926205206958972,5.931309900057733
1.2,36.0,41.60290604533641,0.75,0.75,4075,-3.9954365778067844,0.004563422193215594,5.919273275643989,5.914195162407409
1.2,48.0,55.470541393781886,0.0,0.0,7257,-3.997425089168284,0.002574910831715904,5.947979246898957,5.932594556273442
1.2,48.0,55.470541393781886,0.0,0.25,7233,-3.997414707040793,0.002585292959206953,5.952211516848527,5.95651497801282
1.2,48.0,55.470541393781886,0.0,0.5,7230,-3.997414675826649,0.002585324173351111,5.949814579547711,5.95658689540096
1.2,48.0,55.470541393781886,0.0,0.75,7233,-3.997414707040792,0.002585292959207841,5.952211516850571,5.956514978014866
1.2,48.0,55.470541393781886,0.25,0.0,7233,-3.9974147070407926,0.002585292959207397,5.952211516849549,5.956514978013843
1.2,48.0,55.470541393781886,0.25,0.25,7238,-3.9974186385570305,0.0025813614429694987,5.94726821214831,5.947456764601725
1.2,48.0,55.470541393781886,0.25,0.5,7236,-3.997416334841115,0.0025836651588848625,5.950930993019815,5.952764526070723
1.2,48.0,55.470541393781886,0.25,0.75,7238,-3.997418638557031,0.0025813614429690546,5.947268212147286,5.947456764600702
1.2,48.0,55.470541393781886,0.5,0.0,7230,-3.997414675826648,0.0025853241733519994,5.949814579549755,5.956586895403007
1.2,48.0,55.470541393781886,0.5,0.25,7236,-3.997416334841116,0.0025836651588839743,5.95093099301777,5.952764526068677
1.2,48.0,55.470541393781886,0.5,0.5,7244,-3.997420956889348,0.002579043110651824,5.946852553342281,5.942115326941803
1.2,48.0,55.470541393781886,0.5,0.75,7236,-3.997416334841116,0.0025836651588839743,5.95093099301777,5.952764526068677
1.2,48.0,55.470541393781886,0.75,0.0,7233,-3.997414707040793,0.002585292959206953,5.952211516848527,5.95651497801282
1.2,48.0,55.470541393781886,0.75,0.25,7238,-3.997418638557031,0.0025813614429690546,5.947268212147286,5.947456764600702
1.2,48.0,55.470541393781886,0.75,0.5,7236,-3.997416334841116,0.0025836651588839743,5.95093099301777,5.952764526068677
1.2,48.0,55.470541393781886,0.75,0.75,7238,-3.99741863855703,0.0025813614429699427,5.947268212149332,5.947456764602747
2.0,24.0,23.999999999999996,0.0,0.0,1789,-3.9901676255934397,0.009832374406560263,5.599108399122549,5.663447658178711
2.0,24.0,23.999999999999996,0.0,0.25,1804,-3.9902378495414452,0.009762150458554775,5.605729758474386,5.62299866412755
2.0,24.0,23.999999999999996,0.0,0.5,1808,-3.990261452446165,0.009738547553835186,5.604575741929734,5.609403391009066
2.0,24.0,23.999999999999996,0.0,0.75,1804,-3.9902378495414452,0.009762150458554775,5.605729758474386,5.62299866412755
2.0,24.0,23.999999999999996,0.25,0.0,1804,-3.9902378495414452,0.009762150458554775,5.605729758474386,5.62299866412755
2.0,24.0,23.999999999999996,0.25,0.25,1808,-3.990256972879043,0.00974302712095687,5.60715375195492,5.611983621671158
2.0,24.0,23.999999999999996,0.25,0.5,1814,-3.99028931835413,0.009710681645870078,5.607084828607569,5.593352628021164
2.0,24.0,23.999999999999996,0.25,0.75,1808,-3.990256972879043,0.00974302712095687,5.60715375195492,5.611983621671158
2.0,24.0,23.999999999999996,0.5,0.0,1808,-3.9902614524461653,0.009738547553834742,5.604575741929478,5.6094033910088115
2.0,24.0,23.999999999999996,0.5,0.25,1814,-3.9902893183541304,0.009710681645869634,5.607084828607312,5.5933526280209085
2.0,24.0,23.999999999999996,0.5,0.5,1804,-3.9902346299318103,0.009765370068189672,5.607578558246284,5.62485315927725
2.0,24.0,23.999999999999996,0.5,0.75,1814,-3.9902893183541304,0.009710681645869634,5.607084828607312,5.5933526280209085
2.0,24.0,23.999999999999996,0.75,0.0,1804,-3.9902378495414452,0.009762150458554775,5.605729758474386,5.62299866412755
2.0,24.0,23.999999999999996,0.75,0.25,1808,-3.990256972879043,0.00974302712095687,5.60715375195492,5.611983621671158
2.0,24.0,23.999999999999996,0.75,0.5,1814,-3.9902893183541304,0.009710681645869634,5.607084828607312,5.5933526280209085
2.0,24.0,23.999999999999996,0.75,0.75,1808,-3.9902569728790436,0.009743027120956427,5.607153751954665,5.611983621670901
2.0,30.0,29.999999999999996,0.0,0.0,2809,-3.993692531465855,0.006307468534144878,5.639712421713096,5.67672168073039
2.0,30.0,29.999999999999996,0.0,0.25,2822,-3.9937204059461235,0.006279594053876458,5.640774083104044,5.651634648488812
2.0,30.0,29.999999999999996,0.0,0.5,2820,-3.9937168292776857,0.006283170722314324,5.63998690813082,5.654853650082892
2.0,30.0,29.999999999999996,0.0,0.75,2822,-3.9937204059461235,0.006279594053876458,5.640774083104044,5.651634648488812
2.0,30.0,29.999999999999996,0.25,0.0,2822,-3.9937204059461235,0.006279594053876458,5.640774083104044,5.651634648488812
2.0,30.0,29.999999999999996,0.25,0.25,2826,-3.993727738571378,0.006272261428621917,5.6421734934448935,5.645035285759725
2.0,30.0,29.999999999999996,0.25,0.5,2836,-3.9937490478978126,0.0062509521021874015,5.64290222080403,5.625856891968661
2.0,30.0,29.999999999999996,0.25,0.75,2826,-3.9937277385713785,0.006272261428621473,5.642173493444495,5.645035285759326
2.0,30.0,29.999999999999996,0.5,0.0,2820,-3.9937168292776857,0.006283170722314324,5.63998690813082,5.654853650082892
2.0,30.0,29.999999999999996,0.5,0.25,2836,-3.9937490478978126,0.0062509521021874015,5.64290222080403,5.625856891968661
2.0,30.0,29.999999999999996,0.5,0.5,2828,-3.9937322056780524,0.006267794321947573,5.642145337401907,5.6410148897528165
2.0,30.0,29.999999999999996,0.5,0.75,2836,-3.9937490478978126,0.0062509521021874015,5.64290222080403,5.625856891968661
2.0,30.0,29.999999999999996,0.75,0.0,2822,-3.993720405946123,0.006279594053876902,5.640774083104443,5.651634648489212
2.0,30.0,29.999999999999996,0.75,0.25,2826,-3.993727738571378,0.006272261428621917,5.6421734934448935,5.645035285759725
2.0,30.0,29.999999999999996,0.75,0.5,2836,-3.9937490478978126,0.0062509521021874015,5.64290222080403,5.625856891968661
2.0,30.0,29.999999999999996,0.75,0.75,2826,-3.993727738571377,0.006272261428622805,5.642173493445694,5.645035285760524
2.0,36.0,36.0,0.0,0.0,4053,-3.995608282027694,0.004391717972306086,5.665799135803784,5.691666492108689
2.0,36.0,36.0,0.0,0.25,4066,-3.995623182900513,0.004376817099486896,5.6646867652235775,5.672354960935018
2.0,36.0,36.0,0.0,0.5,4064,-3.9956212350911278,0.004378764908872235,5.664420105299987,5.674879321898417
2.0,36.0,36.0,0.0,0.75,4066,-3.9956231829005127,0.00437681709948734,5.664686765224152,5.672354960935594
2.0,36.0,36.0,0.25,0.0,4066,-3.9956231829005127,0.00437681709948734,5.664686765224152,5.672354960935594
2.0,36.0,36.0,0.25,0.25,4073,-3.9956298036726157,0.004370196327384335,5.665855381058759,5.6637744402901
2.0,36.0,36.0,0.25,0.5,4076,-3.9956327721100267,0.004367227889973346,5.666177268141671,5.659927345405458
2.0,36.0,36.0,0.25,0.75,4073,-3.995629803672616,0.004370196327383891,5.665855381058183,5.663774440289524
2.0,36.0,36.0,0.5,0.0,4064,-3.995621235091127,0.004378764908873123,5.664420105301136,5.674879321899568
2.0,36.0,36.0,0.5,0.25,4076,-3.9956327721100253,0.004367227889974679,5.6661772681434,5.659927345407184
2.0,36.0,36.0,0.5,0.5,4060,-3.995616438645821,0.004383561354178944,5.665043517857154,5.681095515015913
2.0,36.0,36.0,0.5,0.75,4076,-3.995632772110027,0.004367227889972902,5.666177268141095,5.659927345404882
2.0,36.0,36.0,0.75,0.0,4066,-3.995623182900513,0.004376817099486896,5.6646867652235775,5.672354960935018
2.0,36.0,36.0,0.75,0.25,4073,-3.995629803672617,0.0043701963273830025,5.665855381057032,5.663774440288372
2.0,36.0,36.0,0.75,0.5,4076,-3.995632772110026,0.00436722788997379,5.666177268142248,5.659927345406033
2.0,36.0,36.0,0.75,0.75,4073,-3.995629803672616,0.004370196327383891,5.665855381058183,5.663774440289524
2.0,48.0,47.99999999999999,0.0,0.0,7209,-3.997519053449916,0.0024809465500839067,5.693018049019858,5.71610085139332
2.0,48.0,47.99999999999999,0.0,0.25,7224,-3.9975235064937458,0.0024764935062542293,5.694624052783555,5.705841038409743
2.0,48.0,47.99999999999999,0.0,0.5,7236,-3.997527699973032,0.0024723000269681883,5.6944247608613425,5.696179262134705
2.0,48.0,47.99999999999999,0.0,0.75,7224,-3.9975235064937458,0.0024764935062542293,5.694624052783555,5.705841038409743
2.0,48.0,47.99999999999999,0.25,0.0,7224,-3.997523506493745,0.0024764935062551174,5.694624052785598,5.70584103841179
2.0,48.0,47.99999999999999,0.25,0.25,7242,-3.9975294117028537,0.0024705882971463033,5.695200626182054,5.692235436625082
2.0,48.0,47.99999999999999,0.25,0.5,7250,-3.997532043389363,0.0024679566106371453,5.6954186618287155,5.686172030907982
2.0,48.0,47.99999999999999,0.25,0.75,7242,-3.9975294117028524,0.0024705882971476356,5.695200626185124,5.692235436628152
2.0,48.0,47.99999999999999,0.5,0.0,7236,-3.997527699973031,0.0024723000269690765,5.69442476086339,5.696179262136751
2.0,48.0,47.99999999999999,0.5,0.25,7250,-3.9975320433893624,0.0024679566106375894,5.69541866182974,5.686172030909005
2.0,48.0,47.99999999999999,0.5,0.5,7232,-3.997526371477735,0.00247362852226507,5.694335149587106,5.69924011529872
2.0,48.0,47.99999999999999,0.5,0.75,7250,-3.997532043389362,0.0024679566106380335,5.6954186618307645,5.686172030910029
2.0,48.0,47.99999999999999,0.75,0.0,7224,-3.9975235064937458,0.0024764935062542293,5.694624052783555,5.705841038409743
2.0,48.0,47.99999999999999,0.75,0.25,7242,-3.9975294117028524,0.0024705882971476356,5.695200626185124,5.692235436628152
2.0,48.0,47.99999999999999,0.75,0.5,7250,-3.997532043389361,0.0024679566106389217,5.695418661832815,5.686172030912075
2.0,48.0,47.99999999999999,0.75,0.75,7242,-3.997529411702853,0.0024705882971471915,5.695200626184101,5.692235436627128
3.0,24.0,22.630664388698886,0.0,0.0,1805,-3.990155470214845,0.009844529785155043,5.656168135579378,5.670449156249305
3.0,24.0,22.630664388698886,0.0,0.25,1809,-3.990168429120223,0.00983157087977693,5.661240549819144,5.6629848267515115
3.0,24.0,22.630664388698886,0.0,0.5,1814,-3.9902001088527976,0.009799891147202366,5.658595655522655,5.644737300788563
3.0,24.0,22.630664388698886,0.0,0.75,1809,-3.9901684291202226,0.009831570879777374,5.6612405498194,5.662984826751767
3.0,24.0,22.630664388698886,0.25,0.0,1809,-3.990168429120224,0.009831570879776041,5.661240549818633,5.662984826751
3.0,24.0,22.630664388698886,0.25,0.25,1806,-3.990155242222726,0.009844757777274005,5.659432812029485,5.670580479709827
3.0,24.0,22.630664388698886,0.25,0.5,1816,-3.9902103968902862,0.009789603109713774,5.658887452173654,5.638811391195134
3.0,24.0,22.630664388698886,0.25,0.75,1806,-3.9901552422227264,0.00984475777727356,5.659432812029229,5.67058047970957
3.0,24.0,22.630664388698886,0.5,0.0,1814,-3.9902001088527967,0.009799891147203255,5.658595655523168,5.644737300789074
3.0,24.0,22.630664388698886,0.5,0.25,1816,-3.9902103968902862,0.009789603109713774,5.658887452173654,5.638811391195134
3.0,24.0,22.630664388698886,0.5,0.5,1816,-3.9902369504625748,0.009763049537425239,5.643538139709201,5.623516533556939
3.0,24.0,22.630664388698886,0.5,0.75,1816,-3.9902103968902853,0.009789603109714662,5.658887452174167,5.638811391195645
3.0,24.0,22.630664388698886,0.75,0.0,1809,-3.9901684291202226,0.009831570879777374,5.6612405498194,5.662984826751767
3.0,24.0,22.630664388698886,0.75,0.25,1806,-3.9901552422227264,0.00984475777727356,5.659432812029229,5.67058047970957
3.0,24.0,22.630664388698886,0.75,0.5,1816,-3.9902103968902862,0.009789603109713774,5.658887452173654,5.638811391195134
3.0,24.0,22.630664388698886,0.75,0.75,1806,-3.990155242222726,0.009844757777274005,5.659432812029485,5.670580479709827
3.0,30.0,28.288330485873605,0.0,0.0,2841,-3.9937058722807706,0.0062941277192294365,5.691895424410959,5.664714947306491
3.0,30.0,28.288330485873605,0.0,0.25,2835,-3.993689690897412,0.006310309102588008,5.694476744270142,5.679278192329206
3.0,30.0,28.288330485873605,0.0,0.5,2828,-3.9936692794314554,0.006330720568544557,5.698790308599216,5.6976485116901
3.0,30.0,28.288330485873605,0.0,0.75,2835,-3.9936896908974115,0.006310309102588452,5.694476744270543,5.679278192329605
3.0,30.0,28.288330485873605,0.25,0.0,2835,-3.993689690897412,0.006310309102588008,5.694476744270142,5.679278192329206
3.0,30.0,28.288330485873605,0.25,0.25,2829,-3.993671489922937,0.006328510077063143,5.698814894908181,5.695659069356828
3.0,30.0,28.288330485873605,0.25,0.5,2828,-3.9936614470024354,0.006338552997564584,5.705840907359474,5.704697697808124
3.0,30.0,28.288330485873605,0.25,0.75,2829,-3.993671489922937,0.006328510077063143,5.698814894908181,5.695659069356828
3.0,30.0,28.288330485873605,0.5,0.0,2828,-3.9936692794314554,0.006330720568544557,5.698790308599216,5.6976485116901
3.0,30.0,28.288330485873605,0.5,0.25,2828,-3.993661447002435,0.006338552997565028,5.705840907359873,5.704697697808524
3.0,30.0,28.288330485873605,0.5,0.5,2808,-3.9936200442597363,0.006379955740263732,5.702494783399045,5.741960166237358
3.0,30.0,28.288330485873605,0.5,0.75,2828,-3.9936614470024354,0.006338552997564584,5.705840907359474,5.704697697808124
3.0,30.0,28.288330485873605,0.75,0.0,2835,-3.993689690897412,0.006310309102588008,5.694476744270142,5.679278192329206
3.0,30.0,28.288330485873605,0.75,0.25,2829,-3.9936714899229377,0.006328510077062255,5.698814894907382,5.695659069356028
3.0,30.0,28.288330485873605,0.75,0.5,2828,-3.993661447002436,0.00633855299756414,5.705840907359075,5.704697697807725
3.0,30.0,28.288330485873605,0.75,0.75,2829,-3.993671489922937,0.006328510077063143,5.698814894908181,5.695659069356828
3.0,36.0,33.94599658304833,0.0,0.0,4037,-3.995534609354526,0.00446539064547391,5.738102938068554,5.7871462765341875
3.0,36.0,33.94599658304833,0.0,0.25,4060,-3.9955628927840845,0.004437107215915503,5.734242877106361,5.750490951826492
3.0,36.0,33.94599658304833,0.0,0.5,4068,-3.9955714572766334,0.004428542723366569,5.734451848195438,5.739391369483072
3.0,36.0,33.94599658304833,0.0,0.75,4060,-3.9955628927840845,0.004437107215915503,5.734242877106361,5.750490951826492
3.0,36.0,33.94599658304833,0.25,0.0,4060,-3.995562892784084,0.0044371072159159475,5.734242877106936,5.750490951827068
3.0,36.0,33.94599658304833,0.25,0.25,4076,-3.9955886632877613,0.0044113367122387,5.7234054257604345,5.717092379061356
3.0,36.0,33.94599658304833,0.25,0.5,4080,-3.995592616368196,0.0044073836318041515,5.723888231408156,5.71196918681818
3.0,36.0,33.94599658304833,0.25,0.75,4076,-3.995588663287762,0.004411336712237812,5.723405425759282,5.717092379060204
3.0,36.0,33.94599658304833,0.5,0.0,4068,-3.9955714572766334,0.004428542723366569,5.734451848195438,5.739391369483072
3.0,36.0,33.94599658304833,0.5,0.25,4080,-3.995592616368196,0.0044073836318041515,5.723888231408156,5.71196918681818
3.0,36.0,33.94599658304833,0.5,0.5,4084,-3.9956008042917333,0.0043991957082667454,5.718855769551116,5.701357637913701
3.0,36.0,33.94599658304833,0.5,0.75,4080,-3.995592616368196,0.0044073836318041515,5.723888231408156,5.71196918681818
3.0,36.0,33.94599658304833,0.75,0.0,4060,-3.9955628927840845,0.004437107215915503,5.734242877106361,5.750490951826492
3.0,36.0,33.94599658304833,0.75,0.25,4076,-3.9955886632877613,0.0044113367122387,5.7234054257604345,5.717092379061356
3.0,36.0,33.94599658304833,0.75,0.5,4080,-3.9955926163681963,0.004407383631803707,5.72388823140758,5.711969186817605
3.0,36.0,33.94599658304833,0.75,0.75,4076,-3.9955886632877617,0.004411336712238256,5.723405425759859,5.717092379060779
3.0,48.0,45.26132877739777,0.0,0.0,7249,-3.9975062387051112,0.0024937612948887633,5.754175547231544,5.745626023423711
3.0,48.0,45.26132877739777,0.0,0.25,7249,-3.9975032879893124,0.002496712010687574,5.760984112562615,5.752424472624171
3.0,48.0,45.26132877739777,0.0,0.5,7250,-3.9975029699297706,0.002497030070229389,5.762512841528593,5.753157281808512
3.0,48.0,45.26132877739777,0.0,0.75,7249,-3.997503287989313,0.00249671201068713,5.760984112561589,5.752424472623147
3.0,48.0,45.26132877739777,0.25,0.0,7249,-3.9975032879893124,0.002496712010687574,5.760984112562615,5.752424472624171
3.0,48.0,45.26132877739777,0.25,0.25,7236,-3.997497349257513,0.0025026507424867894,5.76433127061895,5.766107310689563
3.0,48.0,45.26132877739777,0.25,0.5,7228,-3.997494470941369,0.0025055290586308843,5.764580591022957,5.7727389510855565
3.0,48.0,45.26132877739777,0.25,0.75,7236,-3.9974973492575128,0.0025026507424872335,5.764331270619972,5.766107310690586
3.0,48.0,45.26132877739777,0.5,0.0,7250,-3.997502969929771,0.002497030070228945,5.762512841527568,5.753157281807489
3.0,48.0,45.26132877739777,0.5,0.25,7228,-3.9974944709413696,0.00250552905863044,5.764580591021935,5.772738951084534
3.0,48.0,45.26132877739777,0.5,0.5,7224,-3.997493186605344,0.002506813394655971,5.764343745298085,5.775698061287358
3.0,48.0,45.26132877739777,0.5,0.75,7228,-3.997494470941369,0.0025055290586308843,5.764580591022957,5.7727389510855565
3.0,48.0,45.26132877739777,0.75,0.0,7249,-3.997503287989313,0.00249671201068713,5.760984112561589,5.752424472623147
3.0,48.0,45.26132877739777,0.75,0.25,7236,-3.9974973492575128,0.0025026507424872335,5.764331270619972,5.766107310690586
3.0,48.0,45.26132877739777,0.75,0.5,7228,-3.9974944709413687,0.0025055290586313284,5.76458059102398,5.7727389510865805
3.0,48.0,45.26132877739777,0.75,0.75,7236,-3.997497349257513,0.0025026507424867894,5.76433127061895,5.766107310689563
4.0,24.0,22.09060290805418,0.0,0.0,1825,-3.990154603044963,0.009845396955037167,5.719344111150619,5.670948646101408
4.0,24.0,22.09060290805418,0.0,0.25,1816,-3.990093617619299,0.009906382380700851,5.726391797738699,5.70607625128369
4.0,24.0,22.09060290805418,0.0,0.5,1816,-3.9900995866903854,0.009900413309614553,5.722941371700705,5.702638066337982
4.0,24.0,22.09060290805418,0.0,0.75,1816,-3.9900936176192987,0.009906382380701295,5.726391797738956,5.706076251283946
4.0,24.0,22.09060290805418,0.25,0.0,1816,-3.990093617619299,0.009906382380700851,5.726391797738699,5.70607625128369
4.0,24.0,22.09060290805418,0.25,0.25,1807,-3.9900154537414267,0.009984546258573257,5.742970868175987,5.751098644938196
4.0,24.0,22.09060290805418,0.25,0.5,1806,-3.990019397740538,0.009980602259461957,5.737525410874565,5.748826901450087
4.0,24.0,22.09060290805418,0.25,0.75,1807,-3.9900154537414267,0.009984546258573257,5.742970868175987,5.751098644938196
4.0,24.0,22.09060290805418,0.5,0.0,1816,-3.9900995866903846,0.009900413309615441,5.722941371701219,5.702638066338494
4.0,24.0,22.09060290805418,0.5,0.25,1806,-3.9900193977405385,0.009980602259461513,5.737525410874311,5.748826901449831
4.0,24.0,22.09060290805418,0.5,0.5,1812,-3.9900433427531947,0.009956657246805278,5.742776012222905,5.73503457415984
4.0,24.0,22.09060290805418,0.5,0.75,1806,-3.990019397740538,0.009980602259461957,5.737525410874565,5.748826901450087
4.0,24.0,22.09060290805418,0.75,0.0,1816,-3.990093617619299,0.009906382380700851,5.726391797738699,5.70607625128369
4.0,24.0,22.09060290805418,0.75,0.25,1807,-3.990015453741427,0.009984546258572813,5.742970868175731,5.75109864493794
4.0,24.0,22.09060290805418,0.75,0.5,1806,-3.9900193977405376,0.009980602259462401,5.737525410874821,5.748826901450343
4.0,24.0,22.09060290805418,0.75,0.75,1807,-3.9900154537414267,0.009984546258573257,5.742970868175987,5.751098644938196
4.0,30.0,27.613253635067725,0.0,0.0,2817,-3.9935520801547817,0.006447919845218308,5.781713992495118,5.803127860696477
4.0,30.0,27.613253635067725,0.0,0.25,2829,-3.9935673300483985,0.006432669951601522,5.792610723190491,5.78940295644137
4.0,30.0,27.613253635067725,0.0,0.5,2832,-3.993599283972542,0.006400716027457953,5.769948490631974,5.760644424712158
4.0,30.0,27.613253635067725,0.0,0.75,2829,-3.993567330048399,0.006432669951601078,5.792610723190091,5.789402956440969
4.0,30.0,27.613253635067725,0.25,0.0,2829,-3.9935673300483985,0.006432669951601522,5.792610723190491,5.78940295644137
4.0,30.0,27.613253635067725,0.25,0.25,2820,-3.993552890645603,0.006447109354397185,5.787143778371589,5.802398418957466
4.0,30.0,27.613253635067725,0.25,0.5,2832,-3.993598303033174,0.006401696966825909,5.770832761954316,5.7615272701433184
4.0,30.0,27.613253635067725,0.25,0.75,2820,-3.993552890645603,0.006447109354397185,5.787143778371589,5.802398418957466
4.0,30.0,27.613253635067725,0.5,0.0,2832,-3.9935992839725425,0.006400716027457509,5.769948490631573,5.760644424711758
4.0,30.0,27.613253635067725,0.5,0.25,2832,-3.993598303033174,0.006401696966825909,5.770832761954316,5.7615272701433184
4.0,30.0,27.613253635067725,0.5,0.5,2852,-3.993652231055245,0.006347768944754861,5.762630304649527,5.712992050279374
4.0,30.0,27.613253635067725,0.5,0.75,2832,-3.993598303033174,0.006401696966825909,5.770832761954316,5.7615272701433184
4.0,30.0,27.613253635067725,0.75,0.0,2829,-3.993567330048399,0.006432669951601078,5.792610723190091,5.789402956440969
4.0,30.0,27.613253635067725,0.75,0.25,2820,-3.9935528906456033,0.006447109354396741,5.787143778371191,5.802398418957067
4.0,30.0,27.613253635067725,0.75,0.5,2832,-3.993598303033174,0.006401696966825909,5.770832761954316,5.7615272701433184
4.0,30.0,27.613253635067725,0.75,0.75,2820,-3.993552890645603,0.006447109354397185,5.787143778371589,5.802398418957466
4.0,36.0,33.13590436208127,0.0,0.0,4097,-3.9955542273427707,0.004445772657229341,5.797801492773323,5.761721363769226
4.0,36.0,33.13590436208127,0.0,0.25,4078,-3.9955288007204124,0.004471199279587612,5.803919435997984,5.794674266345545
4.0,36.0,33.13590436208127,0.0,0.5,4086,-3.9955338180983255,0.004466181901674471,5.808779578533064,5.788171744570115
4.0,36.0,33.13590436208127,0.0,0.75,4078,-3.995528800720412,0.004471199279588056,5.8039194359985595,5.794674266346121
4.0,36.0,33.13590436208127,0.25,0.0,4078,-3.995528800720412,0.004471199279588056,5.8039194359985595,5.794674266346121
4.0,36.0,33.13590436208127,0.25,0.25,4064,-3.9955015067784494,0.0044984932215506035,5.8193020127837265,5.830047215129583
4.0,36.0,33.13590436208127,0.25,0.5,4062,-3.9955010255404604,0.0044989744595396175,5.817060411625257,5.830670899563345
4.0,36.0,33.13590436208127,0.25,0.75,4064,-3.9955015067784503,0.004498493221549715,5.819302012782578,5.830047215128432
4.0,36.0,33.13590436208127,0.5,0.0,4086,-3.9955338180983255,0.004466181901674471,5.808779578533064,5.788171744570115
4.0,36.0,33.13590436208127,0.5,0.25,4062,-3.99550102554046,0.004498974459540062,5.817060411625831,5.830670899563921
4.0,36.0,33.13590436208127,0.5,0.5,4064,-3.9955027166326835,0.004497283367316474,5.8177369315814,5.82847924404215
4.0,36.0,33.13590436208127,0.5,0.75,4062,-3.9955010255404604,0.0044989744595396175,5.817060411625257,5.830670899563345
4.0,36.0,33.13590436208127,0.75,0.0,4078,-3.995528800720412,0.004471199279588056,5.8039194359985595,5.794674266346121
4.0,36.0,33.13590436208127,0.75,0.25,4064,-3.9955015067784503,0.004498493221549715,5.819302012782578,5.830047215128432
4.0,36.0,33.13590436208127,0.75,0.5,4062,-3.9955010255404595,0.004498974459540506,5.8170604116264055,5.830670899564496
4.0,36.0,33.13590436208127,0.75,0.75,4064,-3.99550150677845,0.004498493221550159,5.819302012783153,5.8300472151290075
4.0,48.0,44.18120581610836,0.0,0.0,7269,-3.9974771458202425,0.0025228541797575055,5.837366283532134,5.812656030161293
4.0,48.0,44.18120581610836,0.0,0.25,7246,-3.9974648957263756,0.0025351042736243556,5.847150662799017,5.840880246430515
4.0,48.0,44.18120581610836,0.0,0.5,7244,-3.9974650083711856,0.0025349916288144314,5.845277024743614,5.84062071278845
4.0,48.0,44.18120581610836,0.0,0.75,7246,-3.9974648957263765,0.0025351042736234675,5.8471506627969685,5.840880246428469
4.0,48.0,44.18120581610836,0.25,0.0,7246,-3.9974648957263756,0.0025351042736243556,5.847150662799017,5.840880246430515
4.0,48.0,44.18120581610836,0.25,0.25,7220,-3.9974508496967576,0.002549150303242431,5.85845054366922,5.873242298670562
4.0,48.0,44.18120581610836,0.25,0.5,7226,-3.997452705379426,0.0025472946205740143,5.859050792990315,5.868966805802529
4.0,48.0,44.18120581610836,0.25,0.75,7220,-3.997450849696757,0.0025491503032428753,5.858450543670242,5.873242298671585
4.0,48.0,44.18120581610836,0.5,0.0,7244,-3.997465008371185,0.0025349916288148755,5.845277024744638,5.840620712789472
4.0,48.0,44.18120581610836,0.5,0.25,7226,-3.997452705379425,0.0025472946205749025,5.859050792992359,5.868966805804575
4.0,48.0,44.18120581610836,0.5,0.5,7228,-3.9974531089898315,0.0025468910101684727,5.859743846950511,5.868036887428161
4.0,48.0,44.18120581610836,0.5,0.75,7226,-3.997452705379425,0.0025472946205749025,5.859050792992359,5.868966805804575
4.0,48.0,44.18120581610836,0.75,0.0,7246,-3.9974648957263756,0.0025351042736243556,5.847150662799017,5.840880246430515
4.0,48.0,44.18120581610836,0.75,0.25,7220,-3.997450849696759,0.002549150303241099,5.858450543666159,5.873242298667492
4.0,48.0,44.18120581610836,0.75,0.5,7226,-3.9974527053794247,0.0025472946205753466,5.85905079299338,5.868966805805598
4.0,48.0,44.18120581610836,0.75,0.75,7220,-3.997450849696758,0.002549150303241987,5.8584505436682,5.873242298669538
1.2,72.0,83.20581209067282,0.0,0.0,16301,-3.9988480743607195,0.00115192563928046,5.977076571163454,5.971582514029904
1.2,72.0,83.20581209067282,0.0,0.25,16292,-3.9988470623637933,0.001152937636206719,5.979024666872837,5.97682870609563
1.2,72.0,83.20581209067282,0.0,0.5,16274,-3.9988447197812893,0.001155280218710697,5.984553808341311,5.988972653796252
1.2,72.0,83.20581209067282,0.0,0.75,16292,-3.9988470623637924,0.0011529376362076071,5.979024666877444,5.976828706100235
1.2,72.0,83.20581209067282,0.25,0.0,16292,-3.998847062363792,0.0011529376362080512,5.979024666879746,5.976828706102537
1.2,72.0,83.20581209067282,0.25,0.25,16285,-3.998846193800404,0.0011538061995959303,5.980958078364909,5.981331338705302
1.2,72.0,83.20581209067282,0.25,0.5,16286,-3.9988465686252344,0.0011534313747656455,5.979382256311479,5.979388246785105
1.2,72.0,83.20581209067282,0.25,0.75,16285,-3.998846193800403,0.0011538061995968185,5.980958078369514,5.981331338709905
1.2,72.0,83.20581209067282,0.5,0.0,16274,-3.9988447197812897,0.0011552802187102529,5.984553808339012,5.98897265379395
1.2,72.0,83.20581209067282,0.5,0.25,16286,-3.998846568625233,0.0011534313747669778,5.9793822563183845,5.979388246792012
1.2,72.0,83.20581209067282,0.5,0.5,16300,-3.998847561252796,0.0011524387472041653,5.979372137238475,5.974242465506392
1.2,72.0,83.20581209067282,0.5,0.75,16286,-3.9988465686252335,0.0011534313747665337,5.979382256316082,5.97938824678971
1.2,72.0,83.20581209067282,0.75,0.0,16292,-3.998847062363792,0.0011529376362080512,5.979024666879746,5.976828706102537
1.2,72.0,83.20581209067282,0.75,0.25,16285,-3.998846193800404,0.0011538061995959303,5.980958078364909,5.981331338705302
1.2,72.0,83.20581209067282,0.75,0.5,16286,-3.9988465686252335,0.0011534313747665337,5.979382256316082,5.97938824678971
1.2,72.0,83.20581209067282,0.75,0.75,16285,-3.998846193800405,0.0011538061995950422,5.980958078360305,5.981331338700698
4.0,72.0,66.27180872416254,0.0,0.0,16333,-3.998868221914787,0.001131778085213142,5.884063754944066,5.867137593744928
4.0,72.0,66.27180872416254,0.0,0.25,16309,-3.9988663159978333,0.001133684002166735,5.88531182430995,5.877017867232354
4.0,72.0,66.27180872416254,0.0,0.5,16280,-3.9988638333051827,0.0011361666948173088,5.887712326577451,5.889888145932929
4.0,72.0,66.27180872416254,0.0,0.75,16309,-3.998866315997832,0.0011336840021680672,5.885311824316866,5.877017867239261
4.0,72.0,66.27180872416254,0.25,0.0,16309,-3.998866315997833,0.001133684002167179,5.885311824312255,5.877017867234656
4.0,72.0,66.27180872416254,0.25,0.25,16295,-3.9988648021100133,0.0011351978899867277,5.888112068315611,5.884865861691197
4.0,72.0,66.27180872416254,0.25,0.5,16278,-3.9988625137836453,0.0011374862163546773,5.893826053057459,5.896728545582647
4.0,72.0,66.27180872416254,0.25,0.75,16295,-3.9988648021100133,0.0011351978899867277,5.888112068315611,5.884865861691197
4.0,72.0,66.27180872416254,0.5,0.0,16280,-3.9988638333051814,0.001136166694818641,5.887712326584355,5.889888145939836
4.0,72.0,66.27180872416254,0.5,0.25,16278,-3.9988625137836458,0.0011374862163542332,5.893826053055157,5.896728545580345
4.0,72.0,66.27180872416254,0.5,0.5,16256,-3.9988601563699775,0.0011398436300225079,5.898058753248318,5.908949378036682
4.0,72.0,66.27180872416254,0.5,0.75,16278,-3.9988625137836444,0.0011374862163555655,5.89382605306206,5.896728545587252
4.0,72.0,66.27180872416254,0.75,0.0,16309,-3.9988663159978333,0.001133684002166735,5.88531182430995,5.877017867232354
4.0,72.0,66.27180872416254,0.75,0.25,16295,-3.9988648021100133,0.0011351978899867277,5.888112068315611,5.884865861691197
4.0,72.0,66.27180872416254,0.75,0.5,16278,-3.998862513783645,0.0011374862163551214,5.89382605305976,5.89672854558495
4.0,72.0,66.27180872416254,0.75,0.75,16295,-3.9988648021100133,0.0011351978899867277,5.888112068315611,5.884865861691197
