a,aspect_ratio,n,center_x,center_y,theta,N_sites,N_A,N_B,imbalance_bound,max_matching,structural_nullity,exact_rank_T,exact_nullity,rank_agrees_across_primes,numerical_nullity,largest_counted_abs_E,next_level_abs_E
18,0.6,1.2,0.0,0.0,0.0,457,229,228,1,228,1,226,5,True,5,1.602396061479235e-15,0.023987370211177656
18,0.62,1.2,0.0,0.0,0.0,479,237,242,5,237,5,230,19,True,19,2.1667769474815882e-15,0.03132216430258472
18,0.64,1.2,0.0,0.0,0.0,487,245,242,3,242,3,238,11,True,11,2.4923617742648556e-15,0.020727809108947393
18,0.66,1.2,0.0,0.0,0.0,507,253,254,1,253,1,250,7,True,7,1.7116979266127797e-15,0.02509951354061181
18,0.68,1.2,0.0,0.0,0.0,521,263,258,5,258,5,254,13,True,13,3.3391671972195165e-15,0.02687672204807301
18,0.7,1.2,0.0,0.0,0.0,537,271,266,5,266,5,262,13,True,13,2.320987651567902e-15,0.027311756570219985
18,0.72,1.2,0.0,0.0,0.0,553,279,274,5,274,5,270,13,True,13,2.596727952817293e-15,0.02671644033844807
18,0.74,1.2,0.0,0.0,0.0,567,287,280,7,280,7,280,7,True,7,2.486382857414197e-15,0.021879077319174985
18,0.76,1.2,0.0,0.0,0.0,579,295,284,11,284,11,280,19,True,19,1.5628566455420519e-15,0.027772981337752377
18,0.78,1.2,0.0,0.0,0.0,597,305,292,13,292,13,288,21,True,21,2.8246395757755143e-15,0.028200565392452123
18,0.8,1.2,0.0,0.0,0.0,609,309,300,9,300,9,300,9,True,9,2.785084435287996e-15,0.020984325509434975
18,0.82,1.2,0.0,0.0,0.0,621,317,304,13,304,13,304,13,True,13,1.8633063457942135e-15,0.02034761892017154
18,0.84,1.2,0.0,0.0,0.0,635,325,310,15,310,15,310,15,True,15,2.713729859231132e-15,0.020353877480854
18,0.86,1.2,0.0,0.0,0.0,651,333,318,15,318,15,310,31,True,31,3.135693540138134e-15,0.027165861876996607
18,0.88,1.2,0.0,0.0,0.0,671,337,334,3,334,3,326,19,True,19,2.3002041648308077e-15,0.02116107230057235
18,0.9,1.2,0.0,0.0,0.0,689,343,346,3,343,3,338,13,True,13,2.232451168215357e-15,0.017100410422252636
18,0.92,1.2,0.0,0.0,0.0,705,347,358,11,347,11,346,13,True,13,1.4707966996044022e-15,0.015714089439043667
18,0.94,1.2,0.0,0.0,0.0,717,351,366,15,351,15,350,17,True,17,2.347287091823443e-15,0.018159757506302686
18,0.96,1.2,0.0,0.0,0.0,727,355,372,17,355,17,352,23,True,23,2.30371230568007e-15,0.027686060347460212
18,0.98,1.2,0.0,0.0,0.0,743,367,376,9,367,9,358,27,True,27,1.3118286586936048e-15,0.032501942723266286
18,1.0,1.2,0.0,0.0,0.0,769,389,380,9,380,9,366,37,True,37,2.1926485928413595e-15,0.037977241151735244
18,0.6,2.0,0.0,0.0,0.0,601,309,292,17,292,17,292,17,True,17,1.6850599773167782e-15,0.018830235444339326
18,0.62,2.0,0.0,0.0,0.0,635,317,318,1,317,1,317,1,True,1,3.688347217374733e-16,0.0074375359297501695
18,0.64,2.0,0.0,0.0,0.0,651,329,322,7,322,7,321,9,True,9,1.032068195702174e-15,0.008303274509770359
18,0.66,2.0,0.0,0.0,0.0,663,329,334,5,329,5,329,5,True,5,1.9973962676397076e-15,0.00758873260603294
18,0.68,2.0,0.0,0.0,0.0,693,343,350,7,343,7,341,11,True,11,1.898465107586803e-15,0.012018339879396945
18,0.7,2.0,0.0,0.0,0.0,705,347,358,11,347,11,345,15,True,15,2.251142906117585e-15,0.012698006911916847
18,0.72,2.0,0.0,0.0,0.0,725,363,362,1,362,1,355,15,True,15,1.65013524807679e-15,0.010562961805939464
18,0.74,2.0,0.0,0.0,0.0,755,379,376,3,376,3,371,13,True,13,2.0716941724300225e-15,0.008398843781555844
18,0.76,2.0,0.0,0.0,0.0,771,391,380,11,380,11,379,13,True,13,1.3966759748202247e-15,0.008279388221294218
18,0.78,2.0,0.0,0.0,0.0,789,397,392,5,392,5,388,13,True,13,1.8165704258627146e-15,0.006291906083085432
18,0.8,2.0,0.0,0.0,0.0,809,409,400,9,400,9,400,9,True,9,2.5481839485163408e-15,0.006471125323903051
18,0.82,2.0,0.0,0.0,0.0,833,413,420,7,413,7,413,7,True,7,3.577201107487027e-15,0.00491468384765315
18,0.84,2.0,0.0,0.0,0.0,851,425,426,1,425,1,422,7,True,7,2.2044165009752927e-15,0.007400458243349732
18,0.86,2.0,0.0,0.0,0.0,875,433,442,9,433,9,433,9,True,9,2.2310220506087783e-15,0.004072643413188397
18,0.88,2.0,0.0,0.0,0.0,887,441,446,5,441,5,438,11,True,11,3.1507540535348765e-15,0.008218029358392045
18,0.9,2.0,0.0,0.0,0.0,917,459,458,1,458,1,452,13,True,13,3.6483823217812194e-15,0.01603774581188636
18,0.92,2.0,0.0,0.0,0.0,937,475,462,13,462,13,462,13,True,13,3.1710168056745524e-15,0.00438216277264098
18,0.94,2.0,0.0,0.0,0.0,949,479,470,9,470,9,468,13,True,13,2.3601621281202053e-15,0.008498085704656065
18,0.96,2.0,0.0,0.0,0.0,967,491,476,15,476,15,472,23,True,23,2.0503422588183543e-15,0.023361006295237224
18,0.98,2.0,0.0,0.0,0.0,995,499,496,3,496,3,486,23,True,23,3.5272678498039813e-15,0.02345845919293748
18,1.0,2.0,0.0,0.0,0.0,1009,509,500,9,500,9,486,37,True,37,1.9767344457827635e-15,0.02797485435850044
18,0.6,3.0,0.0,0.0,0.0,677,341,336,5,336,5,334,9,True,9,2.8190416546834702e-15,0.009087960160833245
18,0.62,3.0,0.0,0.0,0.0,715,353,362,9,353,9,353,9,True,9,1.6414085163054842e-15,0.009910792936840808
18,0.64,3.0,0.0,0.0,0.0,731,365,366,1,365,1,361,9,True,9,1.3629464805647333e-15,0.011812795790236039
18,0.66,3.0,0.0,0.0,0.0,739,365,374,9,365,9,365,9,True,9,1.330390192293225e-15,0.010265151984042226
18,0.68,3.0,0.0,0.0,0.0,777,391,386,5,386,5,380,17,True,17,2.881609316538123e-15,0.010468401800215224
18,0.7,3.0,0.0,0.0,0.0,797,399,398,1,398,1,395,7,True,7,1.957948640213406e-15,0.007544438679165585
18,0.72,3.0,0.0,0.0,0.0,809,411,398,13,398,13,398,13,True,13,1.1504013184446786e-15,0.008863227637295107
18,0.74,3.0,0.0,0.0,0.0,843,427,416,11,416,11,416,11,True,11,2.395078711907029e-15,0.006715031369755636
18,0.76,3.0,0.0,0.0,0.0,867,435,432,3,432,3,428,11,True,11,1.1230008229430483e-15,0.0060215296180067615
18,0.78,3.0,0.0,0.0,0.0,885,441,444,3,441,3,438,9,True,9,2.4435917131218267e-15,0.005390732479288115
18,0.8,3.0,0.0,0.0,0.0,909,453,456,3,453,3,452,5,True,5,3.00169827665106e-15,0.005531088745278474
18,0.82,3.0,0.0,0.0,0.0,925,461,464,3,461,3,460,5,True,5,2.2158939477938987e-15,0.00540211684627991
18,0.84,3.0,0.0,0.0,0.0,963,485,478,7,478,7,478,7,True,7,1.403770273180292e-15,0.004309518102608208
18,0.86,3.0,0.0,0.0,0.0,983,493,490,3,490,3,490,3,True,3,2.1038373951148897e-15,0.0022155449217478476
18,0.88,3.0,0.0,0.0,0.0,991,501,490,11,490,11,490,11,True,11,1.7698737264335715e-15,0.0028300842301824374
18,0.9,3.0,0.0,0.0,0.0,1025,511,514,3,511,3,510,5,True,5,1.6635884613539422e-15,0.008317827278181634
18,0.92,3.0,0.0,0.0,0.0,1049,523,526,3,523,3,522,5,True,5,2.393170026077003e-15,0.0030713284516837194
18,0.94,3.0,0.0,0.0,0.0,1061,527,534,7,527,7,526,9,True,9,2.0581405689611485e-15,0.003468402604092245
18,0.96,3.0,0.0,0.0,0.0,1091,543,548,5,543,5,534,23,True,23,3.0096081411352662e-15,0.02291930655155408
18,0.98,3.0,0.0,0.0,0.0,1115,559,556,3,556,3,542,31,True,31,3.243565330414892e-15,0.023412753648218047
18,1.0,3.0,0.0,0.0,0.0,1129,573,556,17,556,17,546,37,True,37,5.6829323002638896e-15,0.024970635334833832
18,0.6,4.0,0.0,0.0,0.0,705,357,348,9,348,9,348,9,True,9,1.972299238702405e-15,0.013173323695647615
18,0.62,4.0,0.0,0.0,0.0,743,373,370,3,370,3,366,11,True,11,1.3968992166795226e-15,0.012119595424091606
18,0.64,4.0,0.0,0.0,0.0,763,385,378,7,378,7,378,7,True,7,1.5712960913652157e-15,0.010517885279563493
18,0.66,4.0,0.0,0.0,0.0,771,385,386,1,385,1,383,5,True,5,1.2908778496030592e-15,0.009653904625694387
18,0.68,4.0,0.0,0.0,0.0,817,407,410,3,407,3,407,3,True,3,2.5582031722854297e-15,0.007043442200726654
18,0.7,4.0,0.0,0.0,0.0,829,411,418,7,411,7,411,7,True,7,3.1690680293040188e-15,0.007174660784433775
18,0.72,4.0,0.0,0.0,0.0,837,419,418,1,418,1,416,5,True,5,1.2272129236860014e-15,0.007443213368863161
18,0.74,4.0,0.0,0.0,0.0,883,443,440,3,440,3,437,9,True,9,3.665318289484292e-15,0.005849772294893113
18,0.76,4.0,0.0,0.0,0.0,899,455,444,11,444,11,444,11,True,11,2.0079489269013063e-15,0.00642369307878776
18,0.78,4.0,0.0,0.0,0.0,925,465,460,5,460,5,460,5,True,5,2.1261878108949575e-15,0.004714020959940991
18,0.8,4.0,0.0,0.0,0.0,957,481,476,5,476,5,476,5,True,5,1.1121271542792469e-15,0.004441885083591146
18,0.82,4.0,0.0,0.0,0.0,965,481,484,3,481,3,480,5,True,5,1.9863908112790766e-15,0.004707020976363323
18,0.84,4.0,0.0,0.0,0.0,1003,501,502,1,501,1,501,1,True,1,1.4773022380886318e-15,0.0023722013317738788
18,0.86,4.0,0.0,0.0,0.0,1027,513,514,1,513,1,513,1,True,1,6.604508198894555e-16,0.0022315702104304513
18,0.88,4.0,0.0,0.0,0.0,1035,521,514,7,514,7,514,7,True,7,1.4247137308395917e-15,0.0026570986081885586
18,0.9,4.0,0.0,0.0,0.0,1073,539,534,5,534,5,534,5,True,5,1.4976502280117295e-15,0.002616300301553105
18,0.92,4.0,0.0,0.0,0.0,1093,551,542,9,542,9,542,9,True,9,1.5049322313194876e-15,0.0028970967133374738
18,0.94,4.0,0.0,0.0,0.0,1109,555,554,1,554,1,550,9,True,9,1.0909801969800097e-15,0.003231303807997922
18,0.96,4.0,0.0,0.0,0.0,1147,575,572,3,572,3,560,27,True,27,1.7990413374667163e-15,0.02297420068611224
18,0.98,4.0,0.0,0.0,0.0,1155,575,580,5,575,5,562,31,True,31,3.373958802251015e-15,0.023229140359452925
18,1.0,4.0,0.0,0.0,0.0,1181,593,588,5,588,5,572,37,True,37,2.181055928050423e-15,0.024054665588908813
