a,aspect_ratio,n,center_x,center_y,theta,N_sites,N_A,N_B,imbalance_bound,max_matching,structural_nullity,exact_rank_T,exact_nullity,rank_agrees_across_primes,numerical_nullity,largest_counted_abs_E,next_level_abs_E,predicted_2floor_a_plus_1,law_holds,n_columns_spanned
6.0,1.0,1.0,0.0,0.0,0.0,85,49,36,13,36,13,36,13,True,13,2.7820019667637102e-15,0.19806226419516187,13,True,13
8.0,1.0,1.0,0.0,0.0,0.0,145,81,64,17,64,17,64,17,True,17,1.2523426140739109e-15,0.12061475842818262,17,True,17
10.0,1.0,1.0,0.0,0.0,0.0,221,121,100,21,100,21,100,21,True,21,2.431546675445782e-15,0.08101405277100582,21,True,21
12.0,1.0,1.0,0.0,0.0,0.0,313,169,144,25,144,25,144,25,True,25,2.9409255584228807e-15,0.05811636514789658,25,True,25
14.0,1.0,1.0,0.0,0.0,0.0,421,225,196,29,196,29,196,29,True,29,3.0133441218689324e-15,0.04370479853238823,29,True,29
16.0,1.0,1.0,0.0,0.0,0.0,545,289,256,33,256,33,256,33,True,33,1.71526321800553e-15,0.0340538006321965,33,True,33
18.0,1.0,1.0,0.0,0.0,0.0,685,361,324,37,324,37,324,37,True,37,2.5264324564727756e-15,0.027277393194555175,37,True,37
20.0,1.0,1.0,0.0,0.0,0.0,841,441,400,41,400,41,400,41,True,41,2.9136250575413455e-15,0.022338347549742316,41,True,41
8.5,1.0,1.0,0.0,0.0,0.0,145,81,64,17,64,17,64,17,True,17,1.2523426140739109e-15,0.12061475842818262,17,True,17
10.3,1.0,1.0,0.0,0.0,0.0,221,121,100,21,100,21,100,21,True,21,2.431546675445782e-15,0.08101405277100582,21,True,21
12.5,1.0,1.0,0.0,0.0,0.0,313,169,144,25,144,25,144,25,True,25,2.9409255584228807e-15,0.05811636514789658,25,True,25
12.7,1.0,1.0,0.0,0.0,0.0,313,169,144,25,144,25,144,25,True,25,2.9409255584228807e-15,0.05811636514789658,25,True,25
16.5,1.0,1.0,0.0,0.0,0.0,545,289,256,33,256,33,256,33,True,33,1.71526321800553e-15,0.0340538006321965,33,True,33
18.25,1.0,1.0,0.0,0.0,0.0,685,361,324,37,324,37,324,37,True,37,2.5264324564727756e-15,0.027277393194555175,37,True,37
6.0,1.0,1.2,0.0,0.0,0.0,85,49,36,13,36,13,36,13,True,13,2.7820019667637102e-15,0.19806226419516187,13,True,13
8.0,1.0,1.2,0.0,0.0,0.0,145,81,64,17,64,17,64,17,True,17,1.2523426140739109e-15,0.12061475842818262,17,True,17
10.0,1.0,1.2,0.0,0.0,0.0,237,121,116,5,116,5,108,21,True,21,1.210617720337001e-15,0.13827328138664235,21,True,21
12.0,1.0,1.2,0.0,0.0,0.0,345,169,176,7,169,7,160,25,True,25,3.4191273934401207e-15,0.08055793490631674,25,True,25
14.0,1.0,1.2,0.0,0.0,0.0,461,225,236,11,225,11,216,29,True,29,2.245495852594118e-15,0.05994375454677746,29,True,29
16.0,1.0,1.2,0.0,0.0,0.0,593,289,304,15,289,15,280,33,True,33,1.857070039904699e-15,0.04663043383090791,33,True,33
18.0,1.0,1.2,0.0,0.0,0.0,769,389,380,9,380,9,366,37,True,37,2.1926485928413595e-15,0.037977241151735244,37,True,37
20.0,1.0,1.2,0.0,0.0,0.0,941,477,464,13,464,13,450,41,True,41,2.9601345965655578e-15,0.031331144577261855,41,True,41
8.5,1.0,1.2,0.0,0.0,0.0,169,81,88,7,81,7,76,17,True,17,1.5577002686793613e-15,0.14918964278024466,17,True,17
10.3,1.0,1.2,0.0,0.0,0.0,253,121,132,11,121,11,116,21,True,21,1.7183613572429113e-15,0.10168889307371948,21,True,21
12.5,1.0,1.2,0.0,0.0,0.0,365,181,184,3,181,3,170,25,True,25,3.0520239535887984e-15,0.0742662135863678,25,True,25
12.7,1.0,1.2,0.0,0.0,0.0,381,189,192,3,189,3,178,25,True,25,2.4448321729521466e-15,0.0738362831280499,25,True,25
16.5,1.0,1.2,0.0,0.0,0.0,645,325,320,5,320,5,306,33,True,33,2.047279452793827e-15,0.04387870776177618,33,True,33
18.25,1.0,1.2,0.0,0.0,0.0,785,397,388,9,388,9,374,37,True,37,2.1458939825994567e-15,0.03656470098721352,37,True,37
6.0,1.0,1.5,0.0,0.0,0.0,101,49,52,3,49,3,44,13,True,13,1.7263116420586528e-15,0.2456896063885761,13,True,13
8.0,1.0,1.5,0.0,0.0,0.0,173,85,88,3,85,3,78,17,True,17,1.1087574389365218e-15,0.14867266172981128,17,True,17
10.0,1.0,1.5,0.0,0.0,0.0,273,141,132,9,132,9,126,21,True,21,2.3286566871594528e-15,0.10086973953472236,21,True,21
12.0,1.0,1.5,0.0,0.0,0.0,389,197,192,5,192,5,182,25,True,25,2.096201856461148e-15,0.07265067534496948,25,True,25
14.0,1.0,1.5,0.0,0.0,0.0,537,269,268,1,268,1,254,29,True,29,2.9456747460665714e-15,0.05342940043071342,29,True,29
16.0,1.0,1.5,0.0,0.0,0.0,705,353,352,1,352,1,336,33,True,33,2.0476223111593635e-15,0.039488039972178986,33,True,33
18.0,1.0,1.5,0.0,0.0,0.0,885,449,436,13,436,13,424,37,True,37,2.2737510474124374e-15,0.03208130115784774,37,True,37
20.0,1.0,1.5,0.0,0.0,0.0,1097,553,544,9,544,9,528,41,True,41,2.519415222796364e-15,0.02636086617482775,41,True,41
8.5,1.0,1.5,0.0,0.0,0.0,197,101,96,5,96,5,90,17,True,17,2.4763008699776526e-15,0.1267877139240845,17,True,17
10.3,1.0,1.5,0.0,0.0,0.0,289,149,140,9,140,9,134,21,True,21,1.3835792353200896e-15,0.08776632822334977,21,True,21
12.5,1.0,1.5,0.0,0.0,0.0,421,205,216,11,205,11,198,25,True,25,1.7974364704019796e-15,0.06379872382741658,25,True,25
12.7,1.0,1.5,0.0,0.0,0.0,441,217,224,7,217,7,208,25,True,25,4.674258625520239e-15,0.05837449807339585,25,True,25
16.5,1.0,1.5,0.0,0.0,0.0,745,377,368,9,368,9,356,33,True,33,3.540977232418126e-15,0.03605282135026146,33,True,33
18.25,1.0,1.5,0.0,0.0,0.0,901,457,444,13,444,13,432,37,True,37,3.737313845846207e-15,0.030649152569058483,37,True,37
6.0,1.0,2.0,0.0,0.0,0.0,113,61,52,9,52,9,50,13,True,13,1.190121871021212e-15,0.23906976289748214,13,True,13
8.0,1.0,2.0,0.0,0.0,0.0,197,101,96,5,96,5,90,17,True,17,1.174204302686628e-15,0.14186904129905029,17,True,17
10.0,1.0,2.0,0.0,0.0,0.0,317,161,156,5,156,5,148,21,True,21,1.270906080994973e-15,0.08581033588655138,21,True,21
12.0,1.0,2.0,0.0,0.0,0.0,441,225,216,9,216,9,208,25,True,25,2.098378528114831e-15,0.06219271236735131,25,True,25
14.0,1.0,2.0,0.0,0.0,0.0,613,305,308,3,305,3,292,29,True,29,2.818099668563326e-15,0.045245120261782144,29,True,29
16.0,1.0,2.0,0.0,0.0,0.0,797,405,392,13,392,13,382,33,True,33,2.9304807932945637e-15,0.035270373250620206,33,True,33
18.0,1.0,2.0,0.0,0.0,0.0,1009,509,500,9,500,9,486,37,True,37,1.9767344457827635e-15,0.02797485435850044,37,True,37
20.0,1.0,2.0,0.0,0.0,0.0,1257,633,624,9,624,9,608,41,True,41,2.191384068687298e-15,0.022289232295346663,41,True,41
8.5,1.0,2.0,0.0,0.0,0.0,225,113,112,1,112,1,104,17,True,17,2.5551023794154884e-15,0.1116588683520221,17,True,17
10.3,1.0,2.0,0.0,0.0,0.0,341,177,164,13,164,13,160,21,True,21,2.5608964140283203e-15,0.07531416267075514,21,True,21
12.5,1.0,2.0,0.0,0.0,0.0,489,241,248,7,241,7,232,25,True,25,5.007518274705435e-15,0.05335294065538034,25,True,25
12.7,1.0,2.0,0.0,0.0,0.0,505,249,256,7,249,7,240,25,True,25,3.7295724050001325e-15,0.050826644954474996,25,True,25
16.5,1.0,2.0,0.0,0.0,0.0,861,429,432,3,429,3,414,33,True,33,5.250030951072124e-15,0.031022932354507884,33,True,33
18.25,1.0,2.0,0.0,0.0,0.0,1049,517,532,15,517,15,506,37,True,37,5.265142232851007e-15,0.025820844304312852,37,True,37
6.0,1.0,2.5,0.0,0.0,0.0,121,61,60,1,60,1,54,13,True,13,1.4696094335013973e-15,0.22199797618005804,13,True,13
8.0,1.0,2.5,0.0,0.0,0.0,209,105,104,1,104,1,96,17,True,17,1.5846574540021309e-15,0.12878381820824775,17,True,17
10.0,1.0,2.5,0.0,0.0,0.0,333,169,164,5,164,5,156,21,True,21,2.176860220024306e-15,0.08378725795851504,21,True,21
12.0,1.0,2.5,0.0,0.0,0.0,485,245,240,5,240,5,230,25,True,25,2.1352384180044835e-15,0.05695480723710486,25,True,25
14.0,1.0,2.5,0.0,0.0,0.0,649,325,324,1,324,1,310,29,True,29,1.8295910645113634e-15,0.042859818800874076,29,True,29
16.0,1.0,2.5,0.0,0.0,0.0,857,433,424,9,424,9,412,33,True,33,2.4880817481809e-15,0.03279550086023199,33,True,33
18.0,1.0,2.5,0.0,0.0,0.0,1093,545,548,3,545,3,528,37,True,37,2.4136671332171678e-15,0.025556007471599942,37,True,37
20.0,1.0,2.5,0.0,0.0,0.0,1341,669,672,3,669,3,650,41,True,41,3.0402085037364862e-15,0.020648268079159274,41,True,41
8.5,1.0,2.5,0.0,0.0,0.0,241,121,120,1,120,1,112,17,True,17,2.801686798188999e-15,0.10291194134131584,17,True,17
10.3,1.0,2.5,0.0,0.0,0.0,365,177,188,11,177,11,172,21,True,21,2.5691761441205897e-15,0.0700994376480186,21,True,21
12.5,1.0,2.5,0.0,0.0,0.0,525,269,256,13,256,13,250,25,True,25,3.135672147477974e-15,0.049245256916513595,25,True,25
12.7,1.0,2.5,0.0,0.0,0.0,541,269,272,3,269,3,258,25,True,25,2.0583816811117766e-15,0.04822020131679227,25,True,25
16.5,1.0,2.5,0.0,0.0,0.0,913,457,456,1,456,1,440,33,True,33,2.525549545175588e-15,0.02908870308873798,33,True,33
18.25,1.0,2.5,0.0,0.0,0.0,1125,561,564,3,561,3,544,37,True,37,5.753185668795094e-15,0.02408780493299879,37,True,37
6.0,1.0,3.0,0.0,0.0,0.0,121,61,60,1,60,1,54,13,True,13,1.4696094335013973e-15,0.22199797618005804,13,True,13
8.0,1.0,3.0,0.0,0.0,0.0,217,113,104,9,104,9,100,17,True,17,1.5199952459040882e-15,0.12715209648599343,17,True,17
10.0,1.0,3.0,0.0,0.0,0.0,341,169,172,3,169,3,160,21,True,21,2.5470914316326943e-15,0.0803297786924611,21,True,21
12.0,1.0,3.0,0.0,0.0,0.0,493,253,240,13,240,13,234,25,True,25,2.147227737089381e-15,0.05644687961989565,25,True,25
14.0,1.0,3.0,0.0,0.0,0.0,685,345,340,5,340,5,328,29,True,29,2.6240167489299892e-15,0.04081238967788285,29,True,29
16.0,1.0,3.0,0.0,0.0,0.0,889,441,448,7,441,7,428,33,True,33,3.4368562815317055e-15,0.03139504696646338,33,True,33
18.0,1.0,3.0,0.0,0.0,0.0,1129,573,556,17,556,17,546,37,True,37,5.6829323002638896e-15,0.024970635334833832,37,True,37
20.0,1.0,3.0,0.0,0.0,0.0,1389,693,696,3,693,3,674,41,True,41,3.37039862010403e-15,0.02021344221434515,41,True,41
8.5,1.0,3.0,0.0,0.0,0.0,257,129,128,1,128,1,120,17,True,17,2.7998045165991727e-15,0.09720825417007768,17,True,17
10.3,1.0,3.0,0.0,0.0,0.0,385,197,188,9,188,9,182,21,True,21,2.5599629315444336e-15,0.06675449940510042,21,True,21
12.5,1.0,3.0,0.0,0.0,0.0,557,277,280,3,277,3,266,25,True,25,2.8543481926800483e-15,0.04673603123891098,25,True,25
12.7,1.0,3.0,0.0,0.0,0.0,561,281,280,1,280,1,268,25,True,25,1.5220802869932537e-15,0.046656936402482765,25,True,25
16.5,1.0,3.0,0.0,0.0,0.0,973,485,488,3,485,3,470,33,True,33,2.9667808807096537e-15,0.02745691435081734,33,True,33
18.25,1.0,3.0,0.0,0.0,0.0,1185,597,588,9,588,9,574,37,True,37,2.6326527603864454e-15,0.022737898666392944,37,True,37
6.0,1.0,4.0,0.0,0.0,0.0,125,65,60,5,60,5,56,13,True,13,3.5116772112607118e-15,0.21910762097295003,13,True,13
8.0,1.0,4.0,0.0,0.0,0.0,225,113,112,1,112,1,104,17,True,17,1.8571139268681583e-15,0.1233974674983503,17,True,17
10.0,1.0,4.0,0.0,0.0,0.0,353,181,172,9,172,9,166,21,True,21,1.2845935914178666e-15,0.07940945048393663,21,True,21
12.0,1.0,4.0,0.0,0.0,0.0,513,257,256,1,256,1,244,25,True,25,1.348226457808612e-15,0.05474136983729012,25,True,25
14.0,1.0,4.0,0.0,0.0,0.0,701,353,348,5,348,5,336,29,True,29,1.86789718508147e-15,0.04039152080650461,29,True,29
16.0,1.0,4.0,0.0,0.0,0.0,925,469,456,13,456,13,446,33,True,33,2.374625642284361e-15,0.030620803928137735,33,True,33
18.0,1.0,4.0,0.0,0.0,0.0,1181,593,588,5,588,5,572,37,True,37,2.181055928050423e-15,0.024054665588908813,37,True,37
20.0,1.0,4.0,0.0,0.0,0.0,1457,729,728,1,728,1,708,41,True,41,3.786598706037671e-15,0.0195323429292416,41,True,41
8.5,1.0,4.0,0.0,0.0,0.0,269,133,136,3,133,3,126,17,True,17,1.6068193631328525e-15,0.09383946669815474,17,True,17
10.3,1.0,4.0,0.0,0.0,0.0,401,197,204,7,197,7,190,21,True,21,3.3853111771238703e-15,0.06454346230226526,21,True,21
12.5,1.0,4.0,0.0,0.0,0.0,577,289,288,1,288,1,276,25,True,25,2.983304499816181e-15,0.04551473573554781,25,True,25
12.7,1.0,4.0,0.0,0.0,0.0,593,297,296,1,296,1,284,25,True,25,1.866892471295534e-15,0.04468414578661937,25,True,25
16.5,1.0,4.0,0.0,0.0,0.0,1013,501,512,11,501,11,490,33,True,33,3.1127744258092974e-15,0.026541236003704807,33,True,33
18.25,1.0,4.0,0.0,0.0,0.0,1245,625,620,5,620,5,604,37,True,37,4.090803491914958e-15,0.021794991302888412,37,True,37
6.0,1.0,6.0,0.0,0.0,0.0,125,65,60,5,60,5,56,13,True,13,3.5116772112607118e-15,0.21910762097295003,13,True,13
8.0,1.0,6.0,0.0,0.0,0.0,229,117,112,5,112,5,106,17,True,17,3.0401423807972304e-15,0.12261630669424249,17,True,17
10.0,1.0,6.0,0.0,0.0,0.0,361,181,180,1,180,1,170,21,True,21,2.781800704846663e-15,0.0782316820719287,21,True,21
12.0,1.0,6.0,0.0,0.0,0.0,529,265,264,1,264,1,252,25,True,25,1.887160634129647e-15,0.053938193383429284,25,True,25
14.0,1.0,6.0,0.0,0.0,0.0,721,365,356,9,356,9,346,29,True,29,1.4747410356198433e-15,0.039612743609645444,29,True,29
16.0,1.0,6.0,0.0,0.0,0.0,953,481,472,9,472,9,460,33,True,33,2.679386452932874e-15,0.03014023079447285,33,True,33
18.0,1.0,6.0,0.0,0.0,0.0,1209,605,604,1,604,1,586,37,True,37,2.3409776643043695e-15,0.023761367076398195,37,True,37
20.0,1.0,6.0,0.0,0.0,0.0,1501,749,752,3,749,3,730,41,True,41,1.9671148689003287e-15,0.019173314126962823,41,True,41
8.5,1.0,6.0,0.0,0.0,0.0,277,141,136,5,136,5,130,17,True,17,1.3352563695835047e-15,0.09188763516275403,17,True,17
10.3,1.0,6.0,0.0,0.0,0.0,421,209,212,3,209,3,200,21,True,21,3.1297967212795548e-15,0.06203133151925452,21,True,21
12.5,1.0,6.0,0.0,0.0,0.0,605,301,304,3,301,3,290,25,True,25,4.28311962315943e-15,0.044147097822517994,25,True,25
12.7,1.0,6.0,0.0,0.0,0.0,613,309,304,5,304,5,294,25,True,25,3.893656384881491e-15,0.04381370604730077,25,True,25
16.5,1.0,6.0,0.0,0.0,0.0,1057,529,528,1,528,1,512,33,True,33,3.671834226728485e-15,0.02583275929349027,33,True,33
18.25,1.0,6.0,0.0,0.0,0.0,1305,653,652,1,652,1,634,37,True,37,2.712070122310692e-15,0.020991459373913026,37,True,37
6.0,1.0,8.0,0.0,0.0,0.0,125,65,60,5,60,5,56,13,True,13,3.5116772112607118e-15,0.21910762097295003,13,True,13
8.0,1.0,8.0,0.0,0.0,0.0,229,117,112,5,112,5,106,17,True,17,3.0401423807972304e-15,0.12261630669424249,17,True,17
10.0,1.0,8.0,0.0,0.0,0.0,365,185,180,5,180,5,172,21,True,21,2.096041677671729e-15,0.07796308567046768,21,True,21
12.0,1.0,8.0,0.0,0.0,0.0,533,269,264,5,264,5,254,25,True,25,2.9724852335613173e-15,0.053828066216767376,25,True,25
14.0,1.0,8.0,0.0,0.0,0.0,729,365,364,1,364,1,350,29,True,29,2.111135158062904e-15,0.03940741339704913,29,True,29
16.0,1.0,8.0,0.0,0.0,0.0,961,481,480,1,480,1,464,33,True,33,3.6412447222305065e-15,0.030037597374841494,33,True,33
18.0,1.0,8.0,0.0,0.0,0.0,1217,613,604,9,604,9,590,37,True,37,4.110371977391127e-15,0.02370355199914898,37,True,37
20.0,1.0,8.0,0.0,0.0,0.0,1513,761,752,9,752,9,736,41,True,41,3.865386616663786e-15,0.01912980783159511,41,True,41
8.5,1.0,8.0,0.0,0.0,0.0,285,141,144,3,141,3,134,17,True,17,5.169889619921902e-15,0.09066745537322572,17,True,17
10.3,1.0,8.0,0.0,0.0,0.0,429,217,212,5,212,5,204,21,True,21,2.5710732776924454e-15,0.061287443906286904,21,True,21
12.5,1.0,8.0,0.0,0.0,0.0,613,309,304,5,304,5,294,25,True,25,3.893656384881491e-15,0.04381370604730077,25,True,25
12.7,1.0,8.0,0.0,0.0,0.0,621,309,312,3,309,3,298,25,True,25,2.1827731861246545e-15,0.04360584149997484,25,True,25
16.5,1.0,8.0,0.0,0.0,0.0,1069,533,536,3,533,3,518,33,True,33,6.07393932122904e-15,0.025687813283935983,33,True,33
18.25,1.0,8.0,0.0,0.0,0.0,1329,661,668,7,661,7,646,37,True,37,3.648002368402764e-15,0.020715416738734574,37,True,37
