a0,count,frac_neg,frac_pos,frac_zero,iqr,max,mean,mean_all,mean_amb_hi,mean_amb_lo,median,median_id,median_swap,metric,min,n,n_ambiguous,n_total,path,q05,q25,q75,q95,std,value
24.3,256,0.4765625,0.5078125,0.015625,3.307986497811644,5.296107193318916,-0.011022186059198635,-0.011022186059198635,-0.011022186059198635,-0.011022186059198635,5.183861152835422e-13,5.183861152835422e-13,5.183861152835422e-13,dimless_chi_split,-6.779409067037234,2.0,0,256,xi,-4.486645741171534,-1.3202541222174966,1.9877323755941472,3.826555360373896,2.4899612797134525,0.05
24.3,256,0.5078125,0.48046875,0.01171875,1.6505098142628296,3.384099860195827,0.0059723538088635834,,,,-4.0035974535612695e-11,,,dimless_chi_minus,-2.6401000398515793,2.0,0,256,xi,-1.9114241642505734,-0.994936831430995,0.6555729828318347,2.2443768582811163,1.243535555029635,0.05
24.3,256,0.4765625,0.515625,0.0078125,1.6563665244891697,2.6560071536279555,-0.005049832250330878,,,,4.019784505260304e-11,,,dimless_chi_plus,-3.395309206853688,2.0,0,256,xi,-2.24226888290457,-0.663570980333475,0.9927955441556946,1.9151311961059545,1.2464541107916145,0.05
24.3,256,0.4453125,0.54296875,0.01171875,0.006452992635748499,0.01858511002302654,0.0004612607791285203,,,,5.2000256964390694e-05,,,dimless_chi_center,-0.024762274516069823,2.0,0,256,xi,-0.007218581479174534,-0.0031494036888382033,0.003303588946910296,0.010344933795835674,0.006121261963376145,0.05
24.3,252,0.43253968253968256,0.5555555555555556,0.011904761904761904,4.217185687544442,5.114681420397096,-0.24496716690955653,-0.23234670911260338,-0.23234670911260336,-0.28609695644484673,0.23456553349865084,0.2502981994571997,0.191932443537258,dimless_chi_split,-6.2752854656823445,2.0,4,256,xi,-5.062438826594667,-2.3692201606309955,1.8479655269134456,3.208263608253892,2.5674005362794907,0.1
24.3,252,0.5476190476190477,0.44047619047619047,0.011904761904761904,2.1027513812886607,3.1367093637129964,0.12243915926549641,,,,-0.11972318003161397,,,dimless_chi_minus,-2.5536541339955425,2.0,4,256,xi,-1.5971604431670194,-0.9219807379785696,1.1807706433100909,2.520421990796939,1.2829911174868645,0.1
24.3,252,0.4246031746031746,0.5674603174603174,0.007936507936507936,2.1131562666619566,2.561027286488118,-0.12252800764406303,,,,0.11484235342691827,,,dimless_chi_plus,-3.138576101987073,2.0,4,256,xi,-2.542016835794843,-1.1871714776882638,0.9259847889736926,1.611103165079398,1.2844259605176425,0.1
24.3,252,0.46825396825396826,0.5198412698412699,0.011904761904761904,0.005574100343316401,0.014490069763643863,-4.442418957623882e-05,,,,4.0197845052603036e-11,,,dimless_chi_center,-0.014645137038920229,2.0,4,256,xi,-0.0076126843271253734,-0.0025582158594285027,0.003015884483887898,0.00595810531263047,0.00466362293444505,0.1
24.3,248,0.43951612903225806,0.5604838709677419,0.0,4.792458036402875,3.588896193465623,-0.2961076134780428,-0.30846550754598245,-0.2316559379438779,-0.3683016193129139,0.8650079157781212,0.8650079157781212,0.8650079157781212,dimless_chi_split,-4.917113854251899,2.0,8,256,xi,-4.285311690148291,-2.8503832513701917,1.9420747850326836,2.8460516348583544,2.565115594844391,0.2
24.3,248,0.5604838709677419,0.43951612903225806,0.0,2.397946094851285,2.4606164597401077,0.14783034847139784,,,,-0.4331713551849912,,,dimless_chi_minus,-1.7919243656048431,2.0,8,256,xi,-1.4219376838140738,-0.9720622325058625,1.4258838623454229,2.144237299451715,1.2825559585806954,0.2
24.3,248,0.43951612903225806,0.5604838709677419,0.0,2.3945119415666722,1.7969718278839468,-0.14827726500664606,,,,0.4318365605931245,,,dimless_chi_plus,-2.4564973945434763,2.0,8,256,xi,-2.1410743906893552,-1.42449938903119,0.9700125525354821,1.42411395106134,1.2825641265123011,0.2
24.3,248,0.5040322580645161,0.4959677419354839,0.0,0.0025299557536077877,0.00576638271623131,-0.00022345826784226166,,,,-7.03164735743056e-05,,,dimless_chi_center,-0.006641064963360032,2.0,8,256,xi,-0.004269614280359368,-0.001443834463458443,0.0010861212901493444,0.0038573433330316383,0.0023997968826858437,0.2
24.3,248,0.4879032258064516,0.5120967741935484,0.0,4.760877645014244,3.1309916560830766,-0.36591375516936847,-0.3802865722830928,-0.2838874787021822,-0.46112855370483685,1.1633140495462517,1.1633140495462517,1.1633140495462517,dimless_chi_split,-3.703839622826918,2.0,8,256,xi,-3.538840626980862,-2.7623852338262016,1.998492411188042,2.6633792875831976,2.489272751714884,0.4
24.3,248,0.5120967741935484,0.4879032258064516,0.0,2.382869374130455,1.8517067661641564,0.1822550089085525,,,,-0.5818059430212523,,,dimless_chi_minus,-1.5653964899346275,2.0,8,256,xi,-1.3319178702837016,-0.9994050665406478,1.3834643075898074,1.7682317168230615,1.2445955699202784,0.4
24.3,248,0.4879032258064516,0.5120967741935484,0.0,2.3780082708745724,1.5655951661540741,-0.1836587462608167,,,,0.5815081065249951,,,dimless_chi_plus,-1.8521328566671496,2.0,8,256,xi,-1.7706089101568343,-1.3789209262307458,0.9990873446438266,1.3314614172957224,1.2446784877609636,0.4
24.3,248,0.782258064516129,0.21774193548387097,0.0,0.0014044000151416656,0.0042284806528291585,-0.000701868676286837,,,,-0.000522038755205817,,,dimless_chi_center,-0.003943447496592534,2.0,8,256,xi,-0.002804863826369069,-0.0014970332892056818,-9.263327406401621e-05,0.0012476930388368695,0.0012756067195789907,0.4
24.3,244,0.5122950819672131,0.48770491803278687,0.0,4.964349618336858,2.9727371062832675,-0.4336881287280078,-0.46639194618111035,-0.3010938703285084,-0.5469722290676506,-2.351516479904707,-2.364712402270926,-2.351516479901814,dimless_chi_split,-3.331690141817739,2.0,12,256,xi,-3.1311383001110054,-2.900236719850185,2.0641128984866732,2.3697124295038443,2.511708596598754,0.8
24.3,244,0.48770491803278687,0.5122950819672131,0.0,2.4818693922188375,1.6651074727244963,0.21563141442348696,,,,1.1764152036551225,,,dimless_chi_minus,-1.4863823526965125,2.0,12,256,xi,-1.1847140729330248,-1.0332292117903912,1.4486401804284461,1.5640312571545767,1.2557783797565183,0.8
24.3,244,0.5122950819672131,0.48770491803278687,0.0,2.482480226113128,1.4863547535938109,-0.21805671430452137,,,,-1.1751012762542472,,,dimless_chi_plus,-1.6665826690947156,2.0,12,256,xi,-1.5671070429557754,-1.4515965394155996,1.0308836866975282,1.1849983565661726,1.2559307115127654,0.8
24.3,244,0.9180327868852459,0.08196721311475409,0.0,0.0009922776563876107,0.0007458868706807785,-0.0012126499405027268,,,,-0.0012510870035603583,,,dimless_chi_center,-0.0029787665992272723,2.0,12,256,xi,-0.0023735856350941276,-0.0017298758422576927,-0.0007375981858700821,0.000341333543987228,0.00079185567707841,0.8
24.3,256,0.5078125,0.44921875,0.04296875,2.5967820656313245,5.757763995763983,-0.09716150149442704,-0.09716150149442704,-0.09716150149442704,-0.09716150149442704,-2.5457067009959644e-13,-2.5457067009959644e-13,-2.5457067009959644e-13,dimless_chi_split,-8.979912375085343,2.0,0,256,delta,-4.873281696479943,-1.338931901279771,1.2578501643515536,4.948390989790646,2.842737635976141,0.001
24.3,256,0.5078125,0.453125,0.0390625,1.2890466570057435,4.476724316813341,0.04867827787950925,,,,-2.475797344914099e-11,,,dimless_chi_minus,-2.892975614152027,2.0,0,256,delta,-2.4813332358177287,-0.622810729648815,0.6662359273569285,2.4401335581595296,1.4203079998195274,0.001
24.3,256,0.5234375,0.43359375,0.04296875,1.3077354086325488,2.879824463976055,-0.04848322361493407,,,,-3.608224830031759e-11,,,dimless_chi_plus,-4.503188058509577,2.0,0,256,delta,-2.4331481384970988,-0.6726959738940219,0.6350394347385269,2.467057754003632,1.4224702544526522,0.001
24.3,256,0.50390625,0.41796875,0.078125,0.005831184054783112,0.038240967147329386,9.752713346980468e-05,,,,-2.4980018054066022e-11,,,dimless_chi_center,-0.024292756056532028,2.0,0,256,delta,-0.013231870777119514,-0.0034859744939552684,0.0023452095608278434,0.012107943984984715,0.007674817795203129,0.001
24.3,256,0.5,0.4921875,0.0078125,3.4361298205793025,5.448669951950802,-0.07554816098621278,-0.07554816098621278,-0.07554816098621278,-0.07554816098621278,-3.4389537658524594e-16,-3.4389537658524594e-16,-3.4389537658524594e-16,dimless_chi_split,-6.974700686228938,2.0,0,256,delta,-4.615890680235147,-1.391137664623418,2.044992155955885,3.8134181752620258,2.533721443090367,0.002
24.3,256,0.484375,0.51171875,0.00390625,1.7180481416210203,3.481584218391065,0.03849526999422917,,,,2.958744360626042e-11,,,dimless_chi_minus,-2.716152304456654,2.0,0,256,delta,-1.9045928201608386,-1.0235975631469052,0.6944505784741151,2.3090296895544036,1.2652553493918912,0.002
24.3,256,0.484375,0.50390625,0.01171875,1.716939539985779,2.732517647742072,-0.037052890991985145,,,,1.7930101847696278e-11,,,dimless_chi_plus,-3.493116467933155,2.0,0,256,delta,-2.3068609906696516,-0.6955449471889863,1.0213945927967927,1.9088253550392509,1.268493816360663,0.002
24.3,256,0.3984375,0.58984375,0.01171875,0.005570198472054644,0.019120483596868354,0.0007211895009799803,,,,0.00027093026711000334,,,dimless_chi_center,-0.025475591089230143,2.0,0,256,delta,-0.006890392466513129,-0.0021714444464193683,0.0033987540256352755,0.010642936009414017,0.006143521875446238,0.002
24.3,252,0.4246031746031746,0.5714285714285714,0.003968253968253968,4.000112328033947,5.038699237840869,-0.25132697278336213,-0.2383538511648162,-0.23835385116481617,-0.2936524595315027,0.24132256532782098,0.2575084356552638,0.1974613616636529,dimless_chi_split,-6.456055005834465,2.0,4,256,delta,-4.770812617604177,-2.4374693010489574,1.5626430269849896,3.3006827245410615,2.5843537663515845,0.004
24.3,252,0.5555555555555556,0.4365079365079365,0.007936507936507936,1.991826501016883,3.2270672466364614,0.12574353415876333,,,,-0.12317199590833328,,,dimless_chi_minus,-2.5143785659569318,2.0,4,256,delta,-1.6431691802083592,-0.7770418885965358,1.2147846124203472,2.3781667509303244,1.2913784297445816,0.004
24.3,252,0.42857142857142855,0.5634920634920635,0.007936507936507936,2.0069709714880397,2.524320671943192,-0.12558343862459864,,,,0.11815056937511392,,,dimless_chi_plus,-3.2289877592342475,2.0,4,256,delta,-2.3926458666738593,-1.221369833030339,0.7856011384577005,1.6575135443274491,1.2929925507030229,0.004
24.3,252,0.4642857142857143,0.5277777777777778,0.007936507936507936,0.005734671108370559,0.014907479133130508,8.00477671991122e-05,,,,0.0001169868829031806,,,dimless_chi_center,-0.015067013414526986,2.0,4,256,delta,-0.006530065830456788,-0.0026319093174714814,0.003102761790899078,0.006129738032129009,0.004784880107019296,0.004
24.3,248,0.4475806451612903,0.5524193548387096,0.0,4.67954497262295,3.4129812901384367,-0.32019966500847546,-0.3324272289636244,-0.2534050380152355,-0.39398701473198183,0.8558583201482108,0.8558583201482108,0.8558583201482108,dimless_chi_split,-5.058759109318497,2.0,8,256,delta,-4.039071316852143,-2.849175087282457,1.830369885340493,2.928036661384967,2.5644562333731336,0.008
24.3,248,0.5524193548387096,0.4435483870967742,0.004032258064516129,2.3399990616736828,2.5314984153646245,0.15987358655316738,,,,-0.4276638759612289,,,dimless_chi_minus,-1.7015244495489634,2.0,8,256,delta,-1.462898851670076,-0.9197065303647098,1.4202925313089727,2.0209134044617687,1.2821767424939188,0.008
24.3,248,0.4435483870967742,0.5564516129032258,0.0,2.3428105749860317,1.7114568405985076,-0.16032607845531005,,,,0.4281944441543867,,,dimless_chi_plus,-2.5272606939600593,2.0,8,256,delta,-2.0181579123793214,-1.4288825559689995,0.9139280190170324,1.465137809724273,1.2822846289016638,0.008
24.3,248,0.5040322580645161,0.49193548387096775,0.004032258064516129,0.0030004273401315618,0.005932492485788421,-0.00022624595108310062,,,,-4.379977883162134e-05,,,dimless_chi_center,-0.006832371376275237,2.0,8,256,delta,-0.004392607274129878,-0.0016226813059766476,0.0013777460341549141,0.004040155186728345,0.002567300784435337,0.008
33.7,256,0.36328125,0.62890625,0.0078125,3.654336907897279,5.65256541947194,-0.10475017693787911,-0.10475017693787911,-0.10475017693787911,-0.10475017693787911,0.775624954455395,0.775624954455395,0.775624954455395,dimless_chi_split,-6.34076145801154,2.0,0,256,xi,-5.574179823130891,-1.802420380546906,1.8519165273503733,3.2141638667087196,2.7774495505100014,0.05
33.7,256,0.64453125,0.35546875,0.0,1.825058343270974,3.171341347075844,0.052362158525386115,,,,-0.38660798138240104,,,dimless_chi_minus,-2.8248890000496756,2.0,0,256,xi,-1.6108078775716934,-0.9251566498059686,0.8999016934650054,2.781238128192227,1.3890972856956971,0.05
33.7,256,0.37109375,0.625,0.00390625,1.8273008791710006,2.827676419606305,-0.05238801841250028,,,,0.3870499788209041,,,dimless_chi_plus,-3.1694201116062204,2.0,0,256,xi,-2.7929416947332664,-0.9025186870819042,0.9247821920890963,1.6074711941861939,1.388362710146863,0.05
33.7,256,0.515625,0.48046875,0.00390625,0.0044391961649864475,0.017690405278962817,-1.2929944375534436e-05,,,,-2.4274537935298213e-10,,,dimless_chi_center,-0.01368491593667942,2.0,0,256,xi,-0.006296480569039531,-0.0020700208466059022,0.0023691753183805453,0.004882350662921642,0.0038263062728460164,0.05
33.7,252,0.3611111111111111,0.6349206349206349,0.003968253968253968,4.322004063394039,5.388592962900239,-0.03711302636841991,-0.10580716006737984,0.005480082500203182,-0.10580716006737988,0.8571056540698715,0.808616874969891,0.9055944332148479,dimless_chi_split,-7.66723599471119,2.0,4,256,xi,-4.060433239206338,-2.5084600512287736,1.8135440121652655,3.301098339268947,2.57186403629691,0.1
33.7,252,0.6428571428571429,0.35714285714285715,0.0,2.1617597672912954,3.834823109353332,0.01819079860043127,,,,-0.4264727344594298,,,dimless_chi_minus,-2.69276943995549,2.0,4,256,xi,-1.6521993584105341,-0.9070958495737169,1.2546639177175785,2.0285250458880837,1.2859667628585094,0.1
33.7,252,0.3611111111111111,0.6388888888888888,0.0,2.160244296141539,2.6958235229748047,-0.01892222776798872,,,,0.43063291964739137,,,dimless_chi_plus,-3.832412885357893,2.0,4,256,xi,-2.031908193286847,-1.2537961335804657,0.9064481625610733,1.6488989808397567,1.2859021835529365,0.1
33.7,252,0.5992063492063492,0.4007936507936508,0.0,0.002588991638788729,0.013229624903961623,-0.00036571458401628705,,,,-0.0005493720049360995,,,dimless_chi_center,-0.00874712619243323,2.0,4,256,xi,-0.004140602246861802,-0.0014912160135110986,0.0010977756252776305,0.0031705619870911537,0.0025129906753793203,0.1
33.7,252,0.4642857142857143,0.5357142857142857,0.0,4.851275154380397,3.549799722033946,-0.3549840893089668,-0.3986664000229727,-0.3132639239689248,-0.3986664000229727,1.0020630859797999,0.9420971674119579,1.0020630860399482,dimless_chi_split,-4.7514831626446865,2.0,4,256,xi,-3.6856858614558337,-3.0077440961073796,1.8435310582730169,3.0500095240052527,2.594277152725361,0.2
33.7,252,0.5357142857142857,0.4642857142857143,0.0,2.4294328811756296,2.3777684442740763,0.17731272170342322,,,,-0.5016377027026835,,,dimless_chi_minus,-1.776477121308115,2.0,4,256,xi,-1.5248637108448806,-0.9236442973957082,1.5057885837799212,1.8436530810339014,1.2973236630900356,0.2
33.7,252,0.4642857142857143,0.5357142857142857,0.0,2.422605992428595,1.7733226008333705,-0.17767136760554486,,,,0.5004253832355465,,,dimless_chi_plus,-2.373714718370619,2.0,4,256,xi,-1.8420327804031102,-1.5027192316199474,0.9198867608086481,1.5251458130661788,1.2969552619077978,0.2
33.7,252,0.5992063492063492,0.4007936507936508,0.0,0.0021371822705057164,0.006614812443936691,-0.00017932295100217763,,,,-0.00034483345867103443,,,dimless_chi_center,-0.0036130957530720043,2.0,4,256,xi,-0.002740788522319776,-0.0013247519228565818,0.0008124303476491346,0.002056109834362068,0.0015273551098740653,0.2
33.7,240,0.5041666666666667,0.49583333333333335,0.0,4.998772789458173,3.6724897732659914,-0.36210706860436814,-0.27816552108630777,-0.19257200318216378,-0.5068713801737974,-1.8225948969233579,1.4010991814128677,-1.8609991100057965,dimless_chi_split,-4.0629861804600695,2.0,16,256,xi,-3.33518147980532,-2.8260313777148394,2.172741411743334,2.728058229863751,2.5493708398735584,0.4
33.7,240,0.49583333333333335,0.5041666666666667,0.0,2.4996438073427143,2.0324441178605053,0.180669560075536,,,,0.9093214981413145,,,dimless_chi_minus,-1.8318064767052376,2.0,16,256,xi,-1.3638599927454618,-1.0877172253233633,1.4119265820193512,1.6681643388387135,1.2745131826056524,0.4
33.7,240,0.5041666666666667,0.49583333333333335,0.0,2.4986154061891703,1.8406832965607618,-0.18143750852883275,,,,-0.9132733987820467,,,dimless_chi_plus,-2.030542062599569,2.0,16,256,xi,-1.667017140977427,-1.4141047957039043,1.0845106104852658,1.3641982370841452,1.2748585000538468,0.4
33.7,240,0.6583333333333333,0.3416666666666667,0.0,0.001352796008899787,0.0044384099315035175,-0.0003839742263654575,,,,-0.00037887307577044727,,,dimless_chi_center,-0.002836749949659545,2.0,16,256,xi,-0.0018552417355889915,-0.0011799715242391123,0.00017282448466067468,0.001110110040570164,0.0010507607552255357,0.4
33.7,240,0.5375,0.4625,0.0,5.018678865413749,2.760866874428035,-0.36319332391449777,-0.4272000658840586,-0.18882272315189927,-0.5070951822967287,-2.4960967104984606,-2.4991076217059747,-2.4695377109571313,dimless_chi_split,-3.0418458006791043,2.0,16,256,xi,-2.888729342125583,-2.7045686833260554,2.3141101820876937,2.556612486082255,2.5147266128296337,0.8
33.7,240,0.4625,0.5375,0.0,2.508599132809467,1.5193994693039905,0.18069325588291799,,,,1.2456164740171052,,,dimless_chi_minus,-1.3808995353077969,2.0,16,256,xi,-1.279026407826885,-1.157720376038347,1.3508787567711196,1.4431479274897119,1.2573054247233275,0.8
33.7,240,0.5375,0.4625,0.0,2.5100797325968776,1.3799673391261196,-0.18250006803157956,,,,-1.2504802364625505,,,dimless_chi_plus,-1.5224463313751118,2.0,16,256,xi,-1.4455814146620858,-1.353689926559753,1.1563898060371245,1.2775860782873492,1.2574218392982852,0.8
33.7,240,0.8458333333333333,0.15416666666666667,0.0,0.0012669747355831748,0.0023410060776574426,-0.0009034060741979564,,,,-0.00089406138870117,,,dimless_chi_center,-0.0029729854393832633,2.0,16,256,xi,-0.002381413186815344,-0.0014989033764196136,-0.00023192864083643877,0.0007037485403378896,0.0009067376103788313,0.8
33.7,252,0.3611111111111111,0.6349206349206349,0.003968253968253968,2.398988506271691,6.1792627660110595,0.25285473483650717,0.27032037589129365,0.27032037589129376,0.18723755445337903,0.546171934246412,0.5751346918400391,0.5172091766990216,dimless_chi_split,-9.407657949572272,2.0,4,256,delta,-5.043634000726192,-0.42310300783440435,1.9758854984372864,3.4125585219728225,2.6911708727767105,0.001
33.7,252,0.6428571428571429,0.3412698412698413,0.015873015873015872,1.2054379798115966,4.7052542243744,-0.1270774199850645,,,,-0.27694687516743866,,,dimless_chi_minus,-3.1006283642649457,2.0,4,256,delta,-1.7023329242628504,-0.993519858900227,0.21191812091136963,2.523513180520054,1.3462940869616506,0.001
33.7,252,0.35714285714285715,0.6309523809523809,0.011904761904761904,1.1935505260756152,3.0786344028344015,0.12577731485143215,,,,0.26922505921300743,,,dimless_chi_plus,-4.702403726370985,2.0,4,256,delta,-2.520120820431715,-0.2111848872854427,0.9823656387901725,1.7102255977099468,1.3448957268166066,0.001
33.7,252,0.5357142857142857,0.4523809523809524,0.011904761904761904,0.004935343407175274,0.013386684432514784,-0.0006500525638040262,,,,-3.155253835984695e-10,,,dimless_chi_center,-0.02030402912645002,2.0,4,256,delta,-0.010996980268385137,-0.002897678194835329,0.0020376652123399452,0.006038027361032761,0.005096634012641789,0.001
33.7,256,0.34765625,0.65234375,0.0,3.7594894266496315,4.193297788924236,0.0933581287211576,0.0933581287211576,0.0933581287211576,0.0933581287211576,1.126580717652935,1.126580717652935,1.126580717652935,dimless_chi_split,-8.354321011743398,2.0,0,256,delta,-4.641026188301803,-1.8622506139203872,1.897238812729244,3.1913431252075024,2.5677826902715033,0.002
33.7,256,0.6484375,0.3515625,0.0,1.8821791594781923,4.181112339428972,-0.046824099936816216,,,,-0.5625494522643049,,,dimless_chi_minus,-2.0956149854021167,2.0,0,256,delta,-1.59909760005425,-0.9489046082953867,0.9332745511828056,2.3205721520642983,1.284339204041941,0.002
33.7,256,0.34375,0.65625,0.0,1.8896115258405788,2.0976828036597395,0.046534028784339904,,,,0.5640312657279045,,,dimless_chi_plus,-4.17320867231441,2.0,0,256,delta,-2.3204540361754233,-0.941277321559103,0.9483342042814757,1.5922455252386225,1.2834513711878286,0.002
33.7,256,0.5703125,0.4296875,0.0,0.0033759079762774036,0.013123445895213415,-0.00014503557536514264,,,,-0.0002869986364117949,,,dimless_chi_center,-0.010152014789821528,2.0,0,256,delta,-0.005257392000884709,-0.0017471607346164486,0.001628747241660955,0.00433869586050073,0.003212554591548604,0.002
33.7,252,0.40476190476190477,0.5952380952380952,0.0,4.7885895644683325,4.13039857796034,-0.12141767527538204,-0.1777532209523139,-0.08316573209105081,-0.17775322095231388,1.1300846104219233,1.01071004469885,1.1300846104768896,dimless_chi_split,-5.687860530223098,2.0,4,256,delta,-4.191762948894633,-2.8326706356454756,1.9559189288228571,3.1412092299543155,2.6194697578264625,0.004
33.7,252,0.5992063492063492,0.4007936507936508,0.0,2.393290069222648,2.8448242650195854,0.06062022751072894,,,,-0.5669013172649728,,,dimless_chi_minus,-2.0655155471864806,2.0,4,256,delta,-1.5703969614587143,-0.978149739344944,1.4151403298777039,2.093981197338676,1.3096320366280838,0.004
33.7,252,0.4087301587301587,0.5912698412698413,0.0,2.39713338285108,2.0648830307961608,-0.06079744776465405,,,,0.56318329308222,,,dimless_chi_plus,-2.8430362652034913,2.0,4,256,delta,-2.0977817515035855,-1.4175303057673005,0.9796030770837794,1.5708122685058112,1.309840796808415,0.004
33.7,252,0.5912698412698413,0.4087301587301587,0.0,0.002143234351117962,0.009814261786256218,-8.861012780447995e-05,,,,-0.00016173651959383584,,,dimless_chi_center,-0.007360931154054562,2.0,4,256,delta,-0.0033931818845756023,-0.0011652434381975718,0.00097799091292039,0.0031124002622562306,0.0020097590166684347,0.004
33.7,236,0.4957627118644068,0.5042372881355932,0.0,4.981683482274722,3.491732886620197,-0.3984985911577381,-0.19233500392144398,-0.192335003921444,-0.600329878227053,1.0734844103628762,1.3234761916838607,-2.0438279736803633,dimless_chi_split,-3.925009961692957,2.0,20,256,delta,-3.5515105384004304,-2.9077923675630766,2.073891114711645,3.093575533877032,2.572004976977809,0.008
33.7,236,0.5042372881355932,0.4957627118644068,0.0,2.492385241159578,1.9607391466915647,0.19899001110720285,,,,-0.5386185948456773,,,dimless_chi_minus,-1.7396986021649408,2.0,20,256,delta,-1.547539537100344,-1.0379648658367517,1.4544203753228264,1.7766038058451838,1.2859421722844848,0.008
33.7,236,0.4957627118644068,0.5042372881355932,0.0,2.4892982411055042,1.7520342844552506,-0.19950858005053662,,,,0.5348658155172187,,,dimless_chi_plus,-1.9642708150404697,2.0,20,256,delta,-1.7749067325183443,-1.4533719922306052,1.0359262488748993,1.5460359967436819,1.2860640755086241,0.008
33.7,236,0.6313559322033898,0.3686440677966102,0.0,0.0014866564164300877,0.0061678411507060105,-0.0002592844713351234,,,,-0.0003939113296658192,,,dimless_chi_center,-0.0034387676553226942,2.0,20,256,delta,-0.0020505738531212403,-0.001068476208794522,0.0004181802076355656,0.001873694766306444,0.0012798387153331017,0.008
48.2,248,0.375,0.625,0.0,4.442167782183262,5.487002173503882,0.05058214133073887,-0.04174944438574983,0.07355581727117627,-0.10419227963626765,0.7609878121780701,0.7375118078764966,0.7609878121780701,dimless_chi_split,-7.579640470087325,2.0,8,256,xi,-4.468726597412539,-2.230298715103732,2.2118690670795296,3.373147816725386,2.640573377206372,0.05
48.2,248,0.6290322580645161,0.3709677419354839,0.0,2.221057232741297,3.7936521973709043,-0.025668984432417104,,,,-0.38129584328945576,,,dimless_chi_minus,-2.744102237870723,2.0,8,256,xi,-1.686940358091617,-1.106249627826875,1.114807604914422,2.23028555196292,1.320801739279768,0.05
48.2,248,0.375,0.625,0.0,2.2220341221626865,2.7428999365193825,0.02491315689832272,,,,0.379691969331716,,,dimless_chi_plus,-3.7859882731589494,2.0,8,256,xi,-2.2384410445730265,-1.1154911101690277,1.1065430119936588,1.6862074586335936,1.31977534745396,0.05
48.2,248,0.6048387096774194,0.3951612903225806,0.0,0.0026072408640862577,0.0047512529377531365,-0.00037791376106066285,,,,-0.00042859497037550653,,,dimless_chi_center,-0.006377826417987897,2.0,8,256,xi,-0.004077746432659746,-0.0018105885106003416,0.000796652353485916,0.004071589800107978,0.002271786310414025,0.05
48.2,240,0.4375,0.5625,0.0,4.835519871235719,3.935251557549984,-0.20976182179864722,-0.20607947954102726,-0.0686843097979842,-0.4097570860554322,0.70650531074254,0.70650531074254,0.70650531074254,dimless_chi_split,-4.287347576462767,2.0,16,256,xi,-3.7556360506596995,-2.857600653679087,1.9779192175566318,3.2701110060978995,2.5356410945078105,0.1
48.2,240,0.5625,0.4375,0.0,2.4186715729083885,2.1450079477992325,0.10472317137395391,,,,-0.35287023781558124,,,dimless_chi_minus,-1.9691380380446035,2.0,16,256,xi,-1.633464041376385,-0.9884311520072522,1.4302404209011363,1.877171111479573,1.2681168535536973,0.1
48.2,240,0.4375,0.5625,0.0,2.416179290139534,1.9661135199955413,-0.10503865042469303,,,,0.353635072571463,,,dimless_chi_plus,-2.142339628756785,2.0,16,256,xi,-1.8784649389438475,-1.4273602328855532,0.9888190572539807,1.6366469646003865,1.267525511405567,0.1
48.2,240,0.55,0.45,0.0,0.0015512956608340067,0.0033490652717160785,-0.00015773952263994733,,,,-0.0001398046390961305,,,dimless_chi_center,-0.0033395726508107515,2.0,16,256,xi,-0.0021639834546220314,-0.00100263085016572,0.0005486648106682868,0.0022100366687743734,0.0013031217264138507,0.1
48.2,236,0.461864406779661,0.538135593220339,0.0,4.9760860938390366,3.6648977972922823,-0.2058144822978767,-0.26816983234560116,-0.009152960380044269,-0.45662470006830563,1.0902720824267194,0.9451467556188679,0.9451467556188679,dimless_chi_split,-3.853613290689517,2.0,20,256,xi,-3.5185024781979912,-2.7693025321702716,2.2067835616687654,2.917120805096006,2.5279966851462117,0.2
48.2,236,0.538135593220339,0.461864406779661,0.0,2.487960686576006,1.9266914131710713,0.10276073952262271,,,,-0.5457630846554803,,,dimless_chi_minus,-1.8312086533591814,2.0,20,256,xi,-1.459165731406131,-1.1039691470621036,1.3839915395139024,1.758627002366592,1.2641707058570495,0.2
48.2,236,0.461864406779661,0.538135593220339,0.0,2.4881254076277144,1.8336891440915102,-0.10305374277525367,,,,0.5445089974271902,,,dimless_chi_plus,-1.9269218776727013,2.0,20,256,xi,-1.7598754758317452,-1.3853109929697842,1.1028144146579302,1.4579550737031859,1.2638266591940288,0.2
48.2,236,0.614406779661017,0.3855932203389831,0.0,0.001073026714594305,0.0019056263502998938,-0.00014650162687023785,,,,-0.00025858058230388004,,,dimless_chi_center,-0.0039668370632839345,2.0,20,256,xi,-0.001478562218301338,-0.0006178980519042643,0.0004551286626900408,0.0015406376366149388,0.0009428630671938911,0.2
48.2,236,0.4788135593220339,0.5211864406779662,0.0,5.011139332772855,3.441211121565855,-0.18001038450780169,-0.052403848366835704,0.021941511986713277,-0.37615351023845667,1.3743858314976931,1.435921041692621,-1.783182962556857,dimless_chi_split,-3.710421432414379,2.0,20,256,xi,-3.220259902324832,-2.73943675136399,2.2717025814088645,2.6370376249456364,2.5401067616134076,0.4
48.2,236,0.5211864406779662,0.4788135593220339,0.0,2.505162085341817,1.8547698159654864,0.08976432414621445,,,,-0.6864059786589287,,,dimless_chi_minus,-1.7206289807804251,2.0,20,256,xi,-1.3186864400217462,-1.1355061649119966,1.3696559204298204,1.6092666383162961,1.2701058177053266,0.4
48.2,236,0.4788135593220339,0.5211864406779662,0.0,2.5059772474359434,1.7205821407854207,-0.09024606036158807,,,,0.6879798527667316,,,dimless_chi_plus,-1.8556516166376613,2.0,20,256,xi,-1.6109932641874822,-1.3697808309791568,1.1361964164567864,1.318351184919051,1.270001166825104,0.4
48.2,236,0.635593220338983,0.3644067796610169,0.0,0.0007708116638298623,0.0011938380887667188,-0.0002408681087048074,,,,-0.00020336857033209643,,,dimless_chi_center,-0.0017712605660584746,2.0,20,256,xi,-0.0011433387172461729,-0.0006454736165671104,0.00012533804726275188,0.0006059941569686589,0.0005346536089971123,0.4
48.2,228,0.5131578947368421,0.4868421052631579,0.0,5.010035019857718,2.8915164086705856,-0.18265504490024118,-0.29640006758864745,0.10054187480209488,-0.44765014136880876,-2.403578658395503,-2.4811706366170148,2.052257078801784,dimless_chi_split,-2.9415161639217957,2.0,28,256,xi,-2.8471192130219207,-2.6190379926486766,2.3909970272090417,2.672537913637344,2.5369334267558643,0.8
48.2,228,0.4868421052631579,0.5131578947368421,0.0,2.5050838463652862,1.4703184177596518,0.0907249631412664,,,,1.2009096481337371,,,dimless_chi_minus,-1.4456858434267175,2.0,28,256,xi,-1.3370659673819927,-1.1959133372943542,1.3091705090709318,1.423146190838613,1.2685044404025423,0.8
48.2,228,0.5131578947368421,0.4868421052631579,0.0,2.5051793613190902,1.4458305652438812,-0.09193008175897445,,,,-1.2026690102034001,,,dimless_chi_plus,-1.4711977462391228,2.0,28,256,xi,-1.423973022191701,-1.3100956713702738,1.1950836899488166,1.3354719462982079,1.2684290575921275,0.8
48.2,228,0.9605263157894737,0.039473684210526314,0.0,0.00033105624779695975,0.0005754014037443467,-0.0006025593085912212,,,,-0.0006123071523103929,,,dimless_chi_center,-0.001389639431211842,2.0,28,256,xi,-0.0011243936850066805,-0.0007704525692315001,-0.0004393963214345403,-7.860845431474361e-05,0.00030295989161196313,0.8
48.2,252,0.36904761904761907,0.6309523809523809,0.0,4.440723493648727,5.691910968183869,0.07450737846996461,0.05346971282527874,0.053469712825278806,-0.011305012539749248,0.9074693304972686,0.7894064437149032,0.7894064437149032,dimless_chi_split,-7.305638363443827,2.0,4,256,delta,-4.635608503538996,-2.2554814107635375,2.18524208288519,3.482702840385369,2.6697211891266877,0.001
48.2,252,0.6349206349206349,0.36507936507936506,0.0,2.219690598228241,3.6565352850701505,-0.03768469071450754,,,,-0.4555516773022683,,,dimless_chi_minus,-2.8465790849276917,2.0,4,256,delta,-1.7403695287856902,-1.092601964274409,1.1270886339538322,2.313574223989623,1.335447194896455,0.001
48.2,252,0.36904761904761907,0.626984126984127,0.003968253968253968,2.221032894487218,2.8453318847185827,0.036822687755455615,,,,0.4519176525050739,,,dimless_chi_plus,-3.6491030784717715,2.0,4,256,delta,-2.322034278790752,-1.1283927751656875,1.0926401193215307,1.7423333118062208,1.3342777264095185,0.001
48.2,252,0.6111111111111112,0.3888888888888889,0.0,0.002582598499112354,0.0049286847012552926,-0.00043100147916602747,,,,-0.0003545152083006542,,,dimless_chi_center,-0.0061615762443345545,2.0,4,256,delta,-0.004230027121121527,-0.001878203664595901,0.000704394834516453,0.004223640609668511,0.0023073484080657976,0.001
48.2,244,0.44672131147540983,0.5532786885245902,0.0,4.911900671136934,4.082211159284935,-0.22949662205134058,-0.17632971377573184,-0.11819157584362337,-0.3876135379622571,0.6906288904633846,0.732889326586962,0.6906288902821447,dimless_chi_split,-4.44745599227056,2.0,12,256,delta,-3.8597447941084377,-2.8601172505935972,2.051783420543337,3.333331638093262,2.5760615900243224,0.002
48.2,244,0.5532786885245902,0.44672131147540983,0.0,2.4563455225111444,2.225111978675365,0.11458685580493681,,,,-0.3449630625065869,,,dimless_chi_minus,-2.042674313644355,2.0,12,256,delta,-1.6655988160172053,-1.0253435184849058,1.4310020040262383,1.9298206540041773,1.2883186741567907,0.002
48.2,244,0.44672131147540983,0.5532786885245902,0.0,2.454861156696575,2.039536846468848,-0.11490976624640468,,,,0.3456658284197722,,,dimless_chi_plus,-2.2223440135952233,2.0,12,256,delta,-1.9299241401331768,-1.4291152467972301,1.0257459098993449,1.6677542527655231,1.2877441789891535,0.002
48.2,244,0.5409836065573771,0.45901639344262296,0.0,0.001625051645165465,0.0031030613912852445,-0.00016145522073076222,,,,-7.164904541889783e-05,,,dimless_chi_center,-0.003464287163357227,2.0,12,256,delta,-0.002241711693035109,-0.0010367527844279412,0.0005882988607375239,0.0021990300457908063,0.0013074597962821654,0.002
48.2,232,0.4698275862068966,0.5301724137931034,0.0,4.941009858502467,3.438325165967786,-0.279225787383112,-0.22388232423970247,-0.02792604883541041,-0.5749313952055891,0.96174702456824,0.96174702456824,0.5929397572893911,dimless_chi_split,-3.835804170722989,2.0,24,256,delta,-3.5090099185209005,-2.778594535710779,2.162415322791688,2.8005378598036383,2.5082039319068463,0.004
48.2,232,0.5301724137931034,0.4698275862068966,0.0,2.470167721499536,1.916939513783078,0.13944918784318813,,,,-0.4818525525676354,,,dimless_chi_minus,-1.7191087567921537,2.0,24,256,delta,-1.3998360055494041,-1.080899249872036,1.3892684716275001,1.753741966273034,1.2543081304744264,0.004
48.2,232,0.4698275862068966,0.5301724137931034,0.0,2.47084213751958,1.719216409269364,-0.1397765995399227,,,,0.47989447239080163,,,dimless_chi_plus,-1.9188646570091894,2.0,24,256,delta,-1.7552679522479824,-1.389326064341001,1.081516073178579,1.4007018543271539,1.2538965145740697,0.004
48.2,232,0.6422413793103449,0.3577586206896552,0.0,0.0011229565824166787,0.001976790819813168,-0.00016370584758737826,,,,-0.00023397651660594931,,,dimless_chi_center,-0.004114976161428974,2.0,24,256,delta,-0.0013544106188256855,-0.0007460089705563222,0.0003769476118603565,0.0016400889038620241,0.0009678374789745635,0.004
48.2,232,0.4870689655172414,0.5129310344827587,0.0,5.015299169113204,3.5140640698291103,-0.23673965861393725,-0.05194517202773291,0.021236927224750693,-0.47709405948414496,1.128834836437946,1.3343203667444543,-1.9945416590842693,dimless_chi_split,-3.7933195264188613,2.0,24,256,delta,-3.302877195630231,-2.748199750522874,2.2670994185903304,2.6544468196509516,2.528098245262188,0.008
48.2,232,0.5129310344827587,0.4870689655172414,0.0,2.5091112342158772,1.896315647378466,0.11813370886038768,,,,-0.564938968482212,,,dimless_chi_minus,-1.7569091782445312,2.0,24,256,delta,-1.3273989400283195,-1.1350264978964297,1.3740847363194475,1.6515442187345204,1.2641010666661123,0.008
48.2,232,0.4870689655172414,0.5129310344827587,0.0,2.50618793493404,1.7571548915845947,-0.1186059497535503,,,,0.5638958680078132,,,dimless_chi_plus,-1.8970038791106258,2.0,24,256,delta,-1.6513329768497813,-1.3741150143147043,1.1320729206193356,1.3270478796054475,1.2639974334606976,0.008
48.2,232,0.6637931034482759,0.33620689655172414,0.0,0.0007706121084791184,0.0012384213008975742,-0.00023612044702049496,,,,-0.00019413781843224953,,,dimless_chi_center,-0.0015875522605957038,2.0,24,256,delta,-0.0010686401269222046,-0.0006756534053214969,9.495870315762156e-05,0.0006492052898918188,0.0005699529606992689,0.008
24.3,252,0.5238095238095238,0.4523809523809524,0.023809523809523808,3.222285657033915,11.647006738984384,-1.427350375651609,-1.2155082811288134,-1.2155082811288134,-1.6004150482185624,-2.5787986858232488e-11,-2.5349070498920098e-11,-2.5862503544998857e-11,dimless_chi_split,-15.667645690067252,4.0,4,256,xi,-14.384865821086267,-2.5032804660140675,0.7190051910198475,2.512370633298486,4.775837442274345,0.05
24.3,252,0.43253968253968256,0.5357142857142857,0.031746031746031744,1.4835951794479356,8.633890154816863,0.8272159869958358,,,,5.1582738080924167e-11,,,dimless_chi_minus,-4.696755928494749,4.0,4,256,xi,-1.3420582780131602,-0.25648847249052875,1.2271067069574069,8.32635552493575,2.6301397755342872,0.05
24.3,252,0.5396825396825397,0.4365079365079365,0.023809523809523808,1.6706039156223564,6.950250810645383,-0.600134388655773,,,,-6.625899828804904e-11,,,dimless_chi_plus,-7.054389586826612,4.0,4,256,xi,-6.05851029612806,-1.2981889259798995,0.37241498964245684,1.3488844123286332,2.1771891136457158,0.05
24.3,252,0.4365079365079365,0.5317460317460317,0.031746031746031744,0.13913787376344242,1.189717477341794,0.11354079916956294,,,,3.960431982363843e-11,,,dimless_chi_center,-0.28095946281068107,4.0,4,256,xi,-0.1597715696705974,-0.049743695713770124,0.0893941780496723,1.1339226143942815,0.3560028356004219,0.05
24.3,252,0.49603174603174605,0.503968253968254,0.0,2.8090915596454007,10.546993342776533,-0.8322876280414238,-0.8024926137414123,-0.8024926137414123,-0.8453878741329206,3.0274318208595163e-13,1.2874080707742096e-11,-6.240577390785595e-12,dimless_chi_split,-18.67620757941529,4.0,4,256,xi,-9.438564852124777,-1.732188782262706,1.0769027773826947,9.715771759387222,5.101543995451369,0.1
24.3,252,0.5,0.49603174603174605,0.003968253968253968,1.4695613622309496,9.275217399070584,0.416112873191719,,,,-6.528777518610695e-12,,,dimless_chi_minus,-5.988908009523314,4.0,4,256,xi,-5.53870466693467,-0.5553478401837428,0.9142135220472067,5.287588081091994,2.7092197185588276,0.1
24.3,252,0.503968253968254,0.49206349206349204,0.003968253968253968,1.4286537026156143,4.919041867615042,-0.4161747548497042,,,,-3.258993075405669e-11,,,dimless_chi_plus,-9.400990180377734,4.0,4,256,xi,-5.032065752615785,-0.9166656284288315,0.5119880741867829,4.349250942484039,2.4273935071034587,0.1
24.3,252,0.5277777777777778,0.4722222222222222,0.0,0.10734140272170505,0.7654391908562784,-3.09408293044404e-05,,,,-0.000551166981889728,,,dimless_chi_center,-0.776965537325692,4.0,4,256,xi,-0.7002296996068303,-0.050571237196332934,0.05677016552537211,0.6871875681017098,0.3310854519553777,0.1
24.3,244,0.4959016393442623,0.5040983606557377,0.0,4.117759339782686,5.7648743282013015,-0.8776896158271796,-0.687888636273517,-0.6878886362735169,-1.0300719032412136,0.2536336316819826,0.35355301789337557,-0.3434812856265691,dimless_chi_split,-10.272256582329272,4.0,12,256,xi,-6.650961484572219,-2.892707923723242,1.2250514160594441,5.172445441205712,3.582209028253396,0.2
24.3,244,0.5040983606557377,0.4959016393442623,0.0,2.0123430287277433,5.148284771095129,0.4709075012027215,,,,-0.12541266999784556,,,dimless_chi_minus,-3.238195831472011,4.0,12,256,xi,-2.928277632597748,-0.6177501240956782,1.394592904632065,3.6432882187314832,1.8814489487739305,0.2
24.3,244,0.4959016393442623,0.5040983606557377,0.0,2.098943105739747,2.7859793226429885,-0.4067821146244571,,,,0.07949992688573959,,,dimless_chi_plus,-5.123971811260085,4.0,12,256,xi,-3.12661365026559,-1.4981150190626824,0.6008280866770648,2.247627898452824,1.716862229488952,0.2
24.3,244,0.45901639344262296,0.5409836065573771,0.0,0.06606516563533635,0.43345374836957956,0.03206269328922552,,,,0.007525107570952982,,,dimless_chi_center,-0.3884827686271805,4.0,12,256,xi,-0.3420549120221063,-0.029632077026301214,0.03643308860903513,0.3542005946868889,0.1888852837547363,0.2
24.3,232,0.4870689655172414,0.5129310344827587,0.0,5.3004126674448315,3.73066167083475,-1.0555937630954282,-0.9761557233422675,-0.6783333555392732,-1.2616113490514964,0.45168218855565,0.45168218855565,0.45168218855565,dimless_chi_split,-6.276583015419579,4.0,24,256,xi,-5.916647995838985,-4.119964848657868,1.1804478187869638,3.1747626187166005,3.17230479970077,0.4
24.3,232,0.5129310344827587,0.4870689655172414,0.0,2.506860262259556,3.139559305700618,0.5415867006635839,,,,-0.24256182244162516,,,dimless_chi_minus,-2.069498401984068,4.0,24,256,xi,-1.7910460537206738,-0.5807887676742008,1.9260714945853552,2.974521379355219,1.6165133473918678,0.4
24.3,232,0.4870689655172414,0.5129310344827587,0.0,2.6026067204550474,1.7230963380525275,-0.5140070624318438,,,,0.20912036612061113,,,dimless_chi_plus,-3.1370237097348506,4.0,24,256,xi,-2.9421266164898756,-1.9975838644738568,0.6050228559811907,1.6532625459095112,1.5650910349182714,0.4
24.3,232,0.41810344827586204,0.5818965517241379,0.0,0.1722039385564686,0.22519399800251197,0.013789819115778092,,,,0.00673161505467637,,,dimless_chi_center,-0.21014987958256728,4.0,24,256,xi,-0.20112705360883595,-0.022118377962384802,0.1500855605940838,0.20399475132715236,0.12423058958128808,0.4
24.3,236,0.4957627118644068,0.5042372881355932,0.0,5.029070083662624,3.5191831820493262,-1.3695722607826248,-1.1059603804023341,-1.023067625485051,-1.5068030171705638,0.4917309775360489,0.5075600534044047,-2.3905388637706393,dimless_chi_split,-6.352920762940921,4.0,20,256,xi,-6.263980508266469,-4.169577661286832,0.8594924223757926,3.073293796719214,3.088448259181233,0.8
24.3,236,0.5042372881355932,0.4957627118644068,0.0,2.5902476670576258,3.174591518781903,0.6879330147524886,,,,-0.24716325170250872,,,dimless_chi_minus,-1.9534732173128029,4.0,20,256,xi,-1.3946114487778791,-0.4109052824877366,2.179342384569889,3.1097564837146554,1.5513172440351126,0.8
24.3,236,0.4957627118644068,0.5042372881355932,0.0,2.548662227238479,1.8484569853203852,-0.6816392460301371,,,,0.2165598977579941,,,dimless_chi_plus,-3.1783292441590234,4.0,20,256,xi,-3.132486243161983,-2.0985084709597794,0.4501537562786993,1.6874895420742904,1.545679942719302,0.8
24.3,236,0.4449152542372881,0.5550847457627118,0.0,0.18333528641763547,0.2112193226716132,0.0031468843611377104,,,,0.0007700943795946879,,,dimless_chi_center,-0.21645477897172571,4.0,20,256,xi,-0.1983240887312733,-0.09441213205100285,0.08892315436663263,0.19267519484726361,0.11501163451072297,0.8
24.3,256,0.47265625,0.484375,0.04296875,1.5738284807931842,5.264164252427469,0.09323685135268217,0.09323685135268217,0.09323685135268217,0.09323685135268217,0.0,0.0,0.0,dimless_chi_split,-6.523531489144351,4.0,0,256,delta,-3.521021361687304,-0.7134615515846567,0.8603669292085274,4.657994715554364,2.3086829406525142,0.001
24.3,256,0.47265625,0.5078125,0.01953125,0.6081908560521265,3.2843428632816085,-0.04611463384246884,,,,2.6423307986078726e-11,,,dimless_chi_minus,-2.7614367862822675,4.0,0,256,delta,-2.5513379855848783,-0.37421839755236164,0.2339724584997649,1.7679928528821498,1.1665621831473376,0.001
24.3,256,0.49609375,0.45703125,0.046875,0.995843278170816,2.679685672807963,0.04712221751021918,,,,0.0,,,dimless_chi_plus,-3.239188625973277,4.0,0,256,delta,-1.7938139562689859,-0.42835806386365416,0.5674852143071618,2.3993051841957325,1.1560642090121276,0.001
24.3,256,0.4453125,0.49609375,0.05859375,0.07905789848816624,0.30172335136802175,0.0005037918345005346,,,,0.0,,,dimless_chi_center,-0.5781058905296454,4.0,0,256,delta,-0.2395348979672418,-0.026475346070919947,0.0525825524172463,0.19459234827590155,0.12716784632895345,0.001
24.3,252,0.5317460317460317,0.4246031746031746,0.04365079365079365,3.209823869518112,11.98251722120403,-1.4383391129224292,-1.2208653267281337,-1.2208653267281337,-1.6168599430758313,-1.2113574032746044e-11,-1.2750217548429532e-12,-2.6047631933312498e-11,dimless_chi_split,-16.1189770473674,4.0,4,256,delta,-13.96214296327473,-2.4701065948327905,0.7397172746853214,2.5847434498829984,4.833399153783202,0.002
24.3,252,0.4444444444444444,0.5357142857142857,0.01984126984126984,1.3606843196123375,8.882603040030745,0.8327061937316661,,,,4.1244785364824565e-11,,,dimless_chi_minus,-4.8320534243104785,4.0,4,256,delta,-1.3807183930994393,-0.2638770293514059,1.0968072902609316,8.104391243454566,2.6594770140983077,0.002
24.3,252,0.5515873015873016,0.4166666666666667,0.031746031746031744,1.7115521068347406,7.150463796933626,-0.6056329191907642,,,,-6.672440377997191e-11,,,dimless_chi_plus,-7.257602455556067,4.0,4,256,delta,-5.868076234325003,-1.3284091134056208,0.3831429934291197,1.3877411650268567,2.206897129400153,0.002
24.3,252,0.47619047619047616,0.49603174603174605,0.027777777777777776,0.14314596078723874,1.2239891743424103,0.11353663727038997,,,,0.0,,,dimless_chi_center,-0.289052945171675,4.0,4,256,delta,-0.1643740429060625,-0.05117664175233183,0.0919693190349069,1.1592051862945318,0.3621734656050274,0.002
24.3,252,0.49603174603174605,0.503968253968254,0.0,2.8633936243710547,8.707519134732994,-0.8460400354520957,-0.8155464622522599,-0.8155464622522599,-0.8596773885808648,6.245004513516506e-14,6.95185011986843e-12,-1.3986208025063007e-14,dimless_chi_split,-15.350382937769394,4.0,4,256,delta,-9.515512722830701,-1.7554689562782984,1.1079246680927561,6.7613456376494065,4.360105902824144,0.004
24.3,252,0.49206349206349204,0.5,0.007936507936507936,1.4864214919037277,7.882329805187604,0.46405584849507886,,,,6.63358257213531e-12,,,dimless_chi_minus,-4.594251518681147,4.0,4,256,delta,-3.7044805323216967,-0.5713455146174329,0.9150759772862949,5.439905433226777,2.345148236000958,0.004
24.3,252,0.49603174603174605,0.49603174603174605,0.007936507936507936,1.3935411510779816,5.060742662189421,-0.38198418695701264,,,,0.0,,,dimless_chi_plus,-7.468053132649088,4.0,4,256,delta,-4.079992637014243,-0.8668044492671917,0.5267367018107899,2.9776375896539005,2.0387408056346206,0.004
24.3,252,0.4444444444444444,0.5476190476190477,0.007936507936507936,0.11200301023711612,0.7874888794887069,0.04103583076854975,,,,0.0024783534944561314,,,dimless_chi_center,-0.5217142656648299,4.0,4,256,delta,-0.4030352291455541,-0.05021154490807145,0.06179146532904467,0.7069830947976669,0.274702183698873,0.004
24.3,240,0.5041666666666667,0.49583333333333335,0.0,3.9167793723582336,5.930940666886838,-0.9261381601893585,-0.6691169795893117,-0.6691169795893118,-1.1159093437846725,-0.23623361296103387,0.3637376727132714,-0.5654836736241432,dimless_chi_split,-10.568165208150736,4.0,16,256,delta,-6.830315585533148,-2.6720429318994157,1.244736440458818,5.321445927160252,3.6046926990807844,0.008
24.3,240,0.49583333333333335,0.5041666666666667,0.0,1.8883498410133954,5.2965892707044215,0.49946577678872034,,,,0.15559940791845528,,,dimless_chi_minus,-3.3314771928891482,4.0,16,256,delta,-3.0126313092556574,-0.5973536195348836,1.2909962214785118,3.7726097748643603,1.893860211775527,0.008
24.3,240,0.5041666666666667,0.49583333333333335,0.0,1.9975307028001834,2.8662338710187805,-0.42667238340063673,,,,-0.08063420502257834,,,dimless_chi_plus,-5.271575937527084,4.0,16,256,delta,-3.0592892448933005,-1.3810467104435897,0.6164839923565937,2.3151266192693005,1.7275264540760553,0.008
24.3,240,0.44166666666666665,0.5583333333333333,0.0,0.06795231598636514,0.44594007032897065,0.03639669669402701,,,,0.007835976138181877,,,dimless_chi_center,-0.3996736302782078,4.0,16,256,delta,-0.3524615490019853,-0.030469714524285207,0.037482601462079934,0.36440390401659695,0.19254794711448855,0.008
33.7,252,0.5,0.4880952380952381,0.011904761904761904,3.4126142735124914,15.23582299967253,-0.40656076499441973,-0.12691449277918918,-0.12691449277918926,-0.69026085179945,-1.0796864704371023e-14,0.0,-1.0321327668406932e-10,dimless_chi_split,-12.798585878983957,4.0,4,256,xi,-12.502936151519615,-2.1620361742429344,1.2505780992695572,4.690313396284641,4.948496649052507,0.05
33.7,252,0.49206349206349204,0.503968253968254,0.003968253968253968,1.6810898145827664,5.28378988064371,0.10775238758225367,,,,1.0296474783899612e-10,,,dimless_chi_minus,-8.682477428103665,4.0,4,256,xi,-2.0301215396815526,-0.6482895719065751,1.0328002426761913,5.195107692220477,2.4296934854552394,0.05
33.7,252,0.5079365079365079,0.48412698412698413,0.007936507936507936,1.724150343070304,6.567212637314641,-0.2988083774121717,,,,-8.657718986171403e-11,,,dimless_chi_plus,-7.514795998445393,4.0,4,256,xi,-7.320204674986842,-1.0935106929328113,0.6306396501374928,2.6601918562165987,2.569708439703826,0.05
33.7,252,0.4801587301587302,0.5079365079365079,0.011904761904761904,0.13512512111784425,0.3504616636100333,-0.09552799491523634,,,,5.193134811065647e-11,,,dimless_chi_center,-1.1286427058344142,4.0,4,256,xi,-1.0700616901248203,-0.09271007861830882,0.04241504249953543,0.25832673169334786,0.3626309111957172,0.05
33.7,240,0.5083333333333333,0.49166666666666664,0.0,3.622493236084999,8.365369603702366,-0.47145639123220817,-0.28262563597780155,-0.2616401182265189,-0.6716042543087648,-0.3308302278797,-0.3308302278797,-0.42760335937290994,dimless_chi_split,-7.893674684286982,4.0,16,256,xi,-6.664609610963401,-2.4745658905082095,1.1479273455767898,4.0412296159361585,3.3466066144171616,0.1
33.7,240,0.4875,0.5125,0.0,1.8847485118217597,3.561992616241772,0.200403302760213,,,,0.17017992502553558,,,dimless_chi_minus,-4.728641923315161,4.0,16,256,xi,-2.064073863334914,-0.5900212227077567,1.294727289114003,2.8289852772660864,1.6654930824495513,0.1
33.7,240,0.5083333333333333,0.49166666666666664,0.0,1.8278032867325489,3.6899969808866064,-0.2710530884719997,,,,-0.09897482915359468,,,dimless_chi_plus,-4.331682068200291,4.0,16,256,xi,-3.8566105097522647,-1.2301008865180791,0.5977024002144697,2.0864828916990708,1.70294908280966,0.1
33.7,240,0.475,0.525,0.0,0.11902646802155187,0.22776223224740777,-0.035324892855752375,,,,0.006465076480164478,,,dimless_chi_center,-0.579484614705569,4.0,16,256,xi,-0.5151177847075449,-0.05238999162974983,0.06663647639180204,0.19476999565486697,0.19237316665742524,0.1
33.7,248,0.5201612903225806,0.4798387096774194,0.0,4.8434493271894015,5.922455669773726,-1.0171602446133325,-1.0965974026914402,-0.8830010490083151,-1.0965974026914402,-0.333195060017927,-0.45867784015436075,-0.007546324332055774,dimless_chi_split,-9.982645467647146,4.0,8,256,xi,-6.519173088106295,-3.615685043089996,1.2277642840994056,4.571366187268163,3.4624915763333544,0.2
33.7,248,0.4959677419354839,0.5040322580645161,0.0,2.177987107355677,4.961074213044268,0.4868485026728917,,,,0.14775926566145625,,,dimless_chi_minus,-3.3492745403590627,4.0,8,256,xi,-2.47230497520871,-0.5937368936297773,1.5842502137259,3.4882382129747986,1.7404520294874908,0.2
33.7,248,0.5201612903225806,0.4798387096774194,0.0,2.5917888978119787,2.7851579009636334,-0.5303117419404416,,,,-0.18460124017752816,,,dimless_chi_plus,-5.021571254637415,4.0,8,256,xi,-3.1792230445191563,-1.9785938021406517,0.6131950956713272,1.9827229853521395,1.7406847620892563,0.2
33.7,248,0.5443548387096774,0.45564516129032256,0.0,0.10612301438432398,0.3859646539232028,-0.021731619634019688,,,,-0.0014138166134238794,,,dimless_chi_center,-0.4149059815514037,4.0,8,256,xi,-0.3704003880491295,-0.06730178029525097,0.03882123408907301,0.34897375335449077,0.17990657273630972,0.2
33.7,236,0.5127118644067796,0.4872881355932203,0.0,5.2298501899831376,6.7063193974414865,-1.4147437834222156,-1.3015843083280756,-1.0707241741936107,-1.5472970652792006,-2.052493221167901,-0.4740142277389058,-0.451274635035113,dimless_chi_split,-8.887304651724131,4.0,20,256,xi,-6.410672285236634,-4.0790520627820905,1.1507981272010468,2.9904743384976284,3.3375499176781176,0.4
33.7,236,0.4872881355932203,0.5127118644067796,0.0,2.608082011993362,4.23832578898447,0.6956256249242162,,,,0.8926551244616254,,,dimless_chi_minus,-3.7480699773384654,4.0,20,256,xi,-1.5454698985601805,-0.5634199684594211,2.0446620435339407,3.072853667283723,1.6527237037205966,0.4
33.7,236,0.5127118644067796,0.4872881355932203,0.0,2.8134709899874983,2.958249420103008,-0.7191181584979998,,,,-0.9593793790585292,,,dimless_chi_plus,-4.648978862752983,4.0,20,256,xi,-3.5170657443585287,-2.2226391844834734,0.5908318055040248,1.614743603065976,1.6974128784262992,0.4
33.7,236,0.4067796610169492,0.5932203389830508,0.0,0.19138540071745552,0.2071294690236568,-0.011746266786983029,,,,0.011259978081992694,,,dimless_chi_center,-0.4311447755064313,4.0,20,256,xi,-0.24057858806303445,-0.122308075430246,0.06907732528720952,0.18965040542429856,0.14677600994540385,0.4
33.7,228,0.4956140350877193,0.5043859649122807,0.0,5.671170285325619,3.5259269218737153,-0.9434258112859388,-0.7853347804922333,-0.5316694573957204,-1.1602729736058701,0.7806321768121965,0.8221826819219084,-2.0133880494359486,dimless_chi_split,-5.771948895896076,4.0,28,256,xi,-5.471839650345159,-4.1634869426422965,1.5076833426833225,3.178139797792403,3.133167036059168,0.8
33.7,228,0.5043859649122807,0.4956140350877193,0.0,2.7421233772806675,2.877325115626693,0.46443106032712334,,,,-0.3789416652133468,,,dimless_chi_minus,-1.9698966901981119,4.0,28,256,xi,-1.7256062078822656,-0.7258699196219218,2.0162534576587454,2.7126684297244186,1.534291234383767,0.8
33.7,228,0.4956140350877193,0.5043859649122807,0.0,2.93814296548088,1.816560352849872,-0.47899475095881544,,,,0.4016905115988483,,,dimless_chi_plus,-2.8946237802693853,4.0,28,256,xi,-2.7591712206360195,-2.1563295424130198,0.7818134230678606,1.7489597391853713,1.6060245634246924,0.8
33.7,228,0.4605263157894737,0.5394736842105263,0.0,0.1884776257294423,0.21250398866440243,-0.007281845315987756,,,,0.0018622673452033528,,,dimless_chi_center,-0.2141410646637033,4.0,28,256,xi,-0.18986981223800528,-0.09527103779184398,0.09320658793759831,0.18806718055423183,0.11179591295406457,0.8
33.7,248,0.5040322580645161,0.49193548387096775,0.004032258064516129,3.4591783730036654,22.605078634532024,-0.6135847067024014,-0.21073097370055993,-0.21073097370055988,-1.0046454331263042,-1.6572030206440935e-13,5.0784382124927085e-11,-1.0186594406533245e-10,dimless_chi_split,-18.706788310591964,4.0,8,256,delta,-18.337357965491368,-2.284397178514033,1.1747811944896323,6.536151210792383,6.939188131273246,0.001
33.7,248,0.4959677419354839,0.5,0.004032258064516129,1.8478435083066902,7.755363146741745,0.16552251823730207,,,,2.4646951146678475e-11,,,dimless_chi_minus,-12.861439707229527,4.0,8,256,delta,-2.8083859594090654,-0.6363244278086988,1.2115190804979914,7.644086389793792,3.3907855498933737,0.001
33.7,248,0.532258064516129,0.4596774193548387,0.008064516129032258,1.8287390562367056,9.743638927923959,-0.4480621884651091,,,,-2.5646151868841116e-10,,,dimless_chi_plus,-10.951425164935635,4.0,8,256,delta,-10.693271576333684,-1.232770974903874,0.5959680813328316,3.7277652511031323,3.6246783369699904,0.001
33.7,248,0.5282258064516129,0.4637096774193548,0.008064516129032258,0.13580592941753178,0.5199727947760024,-0.14126983511493363,,,,-2.334799020786704e-10,,,dimless_chi_center,-1.6031270002121456,4.0,8,256,delta,-1.5876286198497347,-0.06557434645720894,0.07023158296032284,0.3770967516663837,0.5289393780330417,0.001
33.7,252,0.4880952380952381,0.5119047619047619,0.0,3.2341651178327204,12.411527601932294,-0.17234300263056337,0.03309003502178165,0.03309003502178165,-0.38482269422212445,7.6410544016213e-11,0.10714264192363145,5.086080482556016e-11,dimless_chi_split,-9.755184081365881,4.0,4,256,delta,-9.447235847144798,-1.815328952240148,1.4188361655925728,4.591386064607664,3.9694217193735795,0.002
33.7,252,0.503968253968254,0.49206349206349204,0.003968253968253968,1.644238046697305,4.108245382259623,0.018381274268674593,,,,-8.948397578478762e-11,,,dimless_chi_minus,-6.936754633748099,4.0,4,256,delta,-1.997573270149633,-0.7235351226021203,0.9207029240951847,3.9506682958981854,1.9438470592818593,0.002
33.7,252,0.49206349206349204,0.5,0.007936507936507936,1.6160466389184835,5.474772968777075,-0.1539617283618973,,,,8.953948693601887e-11,,,dimless_chi_plus,-5.646938699182313,4.0,4,256,delta,-5.479987944555542,-0.9295221209558724,0.6865245179626112,2.593812794336153,2.060043263607265,0.002
33.7,252,0.5357142857142857,0.4523809523809524,0.011904761904761904,0.11306491344251213,0.3281281290400395,-0.06779022704681753,,,,-0.0011606462404500917,,,dimless_chi_center,-0.8372720368660103,4.0,4,256,delta,-0.7581228057195022,-0.06480651725820907,0.048258396184303054,0.2664985537376152,0.268482070811406,0.002
33.7,240,0.5041666666666667,0.49583333333333335,0.0,5.169084016374866,6.20576380099269,-0.9416547568987215,-0.7520328049511584,-0.7300366473217593,-1.0721117481058458,-0.2953699076894384,-0.2953699076894384,-0.2953699076894384,dimless_chi_split,-9.716735818183848,4.0,16,256,delta,-6.594714899199419,-3.8593546567265844,1.309729359648281,4.479442884963246,3.6155502581296184,0.004
33.7,240,0.49583333333333335,0.5041666666666667,0.0,2.3552783256416685,4.896410743172097,0.47637146311710893,,,,0.2192273970597347,,,dimless_chi_minus,-3.507894601877559,4.0,16,256,delta,-2.372514019048116,-0.6398023765611383,1.7154759490805305,3.5969050675956895,1.8799530182337827,0.004
33.7,240,0.5041666666666667,0.49583333333333335,0.0,2.67368548677549,2.7373864844279505,-0.46528329378161215,,,,-0.07342346375108222,,,dimless_chi_plus,-4.820325075179654,4.0,16,256,delta,-3.020141475892876,-1.9913799618798134,0.6823055248956766,2.106928865866939,1.7555871947976884,0.004
33.7,240,0.475,0.525,0.0,0.11681463936048797,0.4763963214693412,0.005544084667646425,,,,0.002324273741027838,,,dimless_chi_center,-0.4298847290742924,4.0,16,256,delta,-0.3660750139975161,-0.05686673687772814,0.05994790248275983,0.43797064232174165,0.2002597248243829,0.004
33.7,244,0.5122950819672131,0.48770491803278687,0.0,5.258913925523148,4.919936174273391,-1.1834457577950384,-1.0742380257806785,-0.9430276013533542,-1.3246945295709645,-0.34026546005520875,-0.3186188730731485,-0.5065730703714253,dimless_chi_split,-8.136260334069789,4.0,12,256,delta,-6.442931529088003,-4.042092843685506,1.2168210818376424,3.5704362177932887,3.2810409564521774,0.008
33.7,244,0.48770491803278687,0.5122950819672131,0.0,2.468178636515203,4.0613520099506975,0.5900563822166928,,,,0.18967601773435538,,,dimless_chi_minus,-2.752091824487657,4.0,12,256,delta,-1.907957412664743,-0.6155145839359597,1.8526640525792435,3.318062779765446,1.6523691996872207,0.008
33.7,244,0.5122950819672131,0.48770491803278687,0.0,2.5781181438619822,2.27100282876172,-0.5933893755783457,,,,-0.15058944232085314,,,dimless_chi_plus,-4.0749083241584385,4.0,12,256,delta,-3.273937194364253,-1.933954986425554,0.6441631574364282,1.7798761917806813,1.6420861756388256,0.008
33.7,244,0.4713114754098361,0.5286885245901639,0.0,0.14847393747281085,0.2994846652103478,-0.001666496680824323,,,,0.006838856064103616,,,dimless_chi_center,-0.34341438706519956,4.0,12,256,delta,-0.2579761624880647,-0.07041885971798695,0.0780550777548239,0.27245118594384915,0.1485868455497551,0.008
48.2,252,0.4365079365079365,0.5634920634920635,0.0,3.5074442709366043,15.312598887214126,-0.028336029420155267,-0.05218766623207294,-0.028412545310545656,-0.05218766623207294,0.15387442025807294,0.153874419459725,0.153874419459725,dimless_chi_split,-12.934013596709315,4.0,4,256,xi,-12.621307333932856,-1.6468454847411576,1.8605987861954465,11.63834351440226,5.16832534087071,0.05
48.2,252,0.5476190476190477,0.44841269841269843,0.003968253968253968,1.7731294041864547,5.42178682387071,-0.09316431056265008,,,,-0.09688050536722903,,,dimless_chi_minus,-8.513152816659709,4.0,4,256,xi,-6.831770790356951,-0.9035780079150475,0.8695513962714072,5.210050057929547,2.561113369822651,0.05
48.2,252,0.42063492063492064,0.5793650793650794,0.0,1.7261219583741896,6.799446071562059,-0.12150033998281719,,,,0.054567512903789694,,,dimless_chi_plus,-7.592814081530728,4.0,4,256,xi,-7.308945546810416,-0.8037483636771112,0.9223735946970784,4.806572723954179,2.657550655753315,0.05
48.2,252,0.5,0.5,0.0,0.12253183564115044,0.3282106755981262,-0.10733232527792262,,,,-4.8268500307813156e-11,,,dimless_chi_center,-1.1747032811893128,4.0,4,256,xi,-1.0874443752415577,-0.061459577929509734,0.06107225771164071,0.26500830650723073,0.3647490688448826,0.05
48.2,248,0.4717741935483871,0.5282258064516129,0.0,3.7079719323723817,7.633023902232941,-0.35554392562070525,-0.19610611450105808,-0.19610611450105803,-0.5230929759458558,0.258121605930448,0.26085787531183025,0.2182285035375783,dimless_chi_split,-8.016340675611847,4.0,8,256,xi,-6.602757582192123,-2.2484731652426566,1.459498767129725,3.814483337133466,3.223385164611402,0.1
48.2,248,0.5282258064516129,0.4717741935483871,0.0,1.8841203324752422,3.5980831165127487,0.14141967622242027,,,,-0.11816408383634314,,,dimless_chi_minus,-4.279306463813481,4.0,8,256,xi,-1.9791441876778428,-0.7229902148983652,1.161130117576877,2.7988684619301627,1.5882251184114242,0.1
48.2,248,0.4717741935483871,0.5282258064516129,0.0,1.852450941658525,3.35371743922859,-0.21412424939828925,,,,0.11294515430398366,,,dimless_chi_plus,-4.41825755930462,4.0,8,256,xi,-3.8199877146479304,-1.099745581995605,0.75270535966292,1.9861345827290113,1.6565435077295905,0.1
48.2,248,0.45161290322580644,0.5483870967741935,0.0,0.11766217654527744,0.23506481410373192,-0.03635228658593317,,,,0.006840928696507431,,,dimless_chi_center,-0.5787177704511159,4.0,8,256,xi,-0.5300099671839714,-0.059075049260612245,0.0585871272846652,0.18975695180438537,0.18906276740625044,0.1
48.2,244,0.5122950819672131,0.48770491803278687,0.0,5.198774789740269,6.078881133911003,-0.8682119772037351,-0.8618615902727143,-0.6666269505265972,-1.0100599489687676,-0.4404111017504977,-0.4959729013092766,-0.40293161957114776,dimless_chi_split,-9.675452587612684,4.0,12,256,xi,-6.221567946957951,-3.6783747735443786,1.5204000161958902,4.338098583275547,3.4193535231704915,0.2
48.2,244,0.48770491803278687,0.5122950819672131,0.0,2.3067210731515715,4.7806284593152135,0.4028583069189978,,,,0.20541290298354076,,,dimless_chi_minus,-3.4016800159738696,4.0,12,256,xi,-2.38114742494997,-0.7186770116332266,1.5880440615183449,3.411385888553785,1.7375279832967698,0.2
48.2,244,0.5122950819672131,0.48770491803278687,0.0,2.813549985271291,2.6872516739322534,-0.46535367028474334,,,,-0.23599311047030724,,,dimless_chi_plus,-4.894824128577199,4.0,12,256,xi,-3.071784414130594,-2.0138113805979483,0.7997386046733426,1.9569511582159855,1.699658025939631,0.2
48.2,244,0.5327868852459017,0.4672131147540984,0.0,0.13592306487965644,0.355068721137362,-0.031247681686055656,,,,-0.0037078122488476417,,,dimless_chi_center,-0.39773940843828726,4.0,12,256,xi,-0.3521888935910276,-0.09353953781598462,0.04238352706367182,0.3085324223699873,0.1758573849343148,0.2
48.2,236,0.4957627118644068,0.5042372881355932,0.0,5.430480619824039,6.516860130331579,-1.2379145200151767,-1.0815562569011299,-0.8921903819417603,-1.4076944669952858,0.518542449544457,0.518542449619135,-0.4423966525058084,dimless_chi_split,-8.681364932780932,4.0,20,256,xi,-6.324484711092902,-4.122432535724579,1.3080480840994602,3.4022733304021466,3.3504173264170714,0.4
48.2,236,0.5042372881355932,0.4957627118644068,0.0,2.6425674017041785,4.143853264633832,0.5995603635287882,,,,-0.24492216713767068,,,dimless_chi_minus,-3.7051768227493715,4.0,20,256,xi,-1.7732029354367143,-0.6382598151288231,2.0043075865753552,3.0580974104249314,1.646760675492866,0.4
48.2,236,0.4957627118644068,0.5042372881355932,0.0,2.7878981440141355,2.811683307582213,-0.6383541564863903,,,,0.25720622245246433,,,dimless_chi_plus,-4.537511668272302,4.0,20,256,xi,-3.4151976551411205,-2.1209732936122414,0.6669248504018941,1.6395437460080524,1.7145099675539084,0.4
48.2,236,0.4449152542372881,0.5550847457627118,0.0,0.17110815170852334,0.20784517758244303,-0.019396896479333035,,,,0.002212892411401879,,,dimless_chi_center,-0.44674675759603455,4.0,20,256,xi,-0.2447251154243142,-0.1117630186813863,0.05934513302713704,0.18856799768574184,0.13913486373743253,0.4
48.2,228,0.4956140350877193,0.5043859649122807,0.0,5.713217986012578,3.522285469260011,-0.8996344173456478,-0.9210614260887222,-0.491801350365213,-1.122711174065226,0.9447068407942665,-2.089081963342483,1.0051951529401264,dimless_chi_split,-5.544102285912864,4.0,28,256,xi,-5.344870931019289,-4.119413091930257,1.5938048940823204,3.221969745230893,3.1207346358964028,0.8
48.2,228,0.5043859649122807,0.4956140350877193,0.0,2.7598930700010094,2.76181868466046,0.4423926733602619,,,,-0.46300232643928896,,,dimless_chi_minus,-1.9788368097395772,4.0,28,256,xi,-1.7442037540715989,-0.7630315746940954,1.996861495306914,2.656352157918841,1.5300365036693788,0.8
48.2,228,0.4956140350877193,0.5043859649122807,0.0,2.9834944647964816,1.8293222703795011,-0.45724174398538725,,,,0.4817045143420199,,,dimless_chi_plus,-2.7822836012524075,4.0,28,256,xi,-2.688518773133242,-2.1527211453688704,0.8307733194276113,1.7128873181974575,1.5974639381098446,0.8
48.2,228,0.4473684210526316,0.5526315789473685,0.0,0.18064203408733853,0.21326020910253835,-0.0074245353120969216,,,,0.0019203848542234947,,,dimless_chi_center,-0.2226812589869695,4.0,28,256,xi,-0.19042911679336227,-0.09400666275516525,0.08663537133217326,0.17336640173921467,0.10819057787241033,0.8
48.2,256,0.42578125,0.56640625,0.0078125,3.574070884258198,15.884438679897666,-0.08799664499045425,-0.08799664499045425,-0.08799664499045425,-0.08799664499045425,0.15962076728135413,0.15962076728135413,0.15962076728135413,dimless_chi_split,-13.417026552603412,4.0,0,256,delta,-13.092642462639457,-1.6985849623820006,1.8754859218761974,12.07297044997009,5.286226902685144,0.001
48.2,256,0.55859375,0.43359375,0.0078125,1.758193017744214,5.624260190735919,-0.06611642473882288,,,,-0.10049844908355254,,,dimless_chi_minus,-8.831071385847045,4.0,0,256,delta,-7.086899159749804,-0.8865113698546812,0.8716816478895328,5.404616243326721,2.62328809908829,0.001
48.2,256,0.4140625,0.58203125,0.00390625,1.763458248664307,7.0533672952017845,-0.15411306972927877,,,,0.056605304266099665,,,dimless_chi_plus,-7.876363155312482,4.0,0,256,delta,-7.581893721021027,-0.8255673349065185,0.9378909137577884,4.98607128937506,2.7150334016866284,0.001
48.2,256,0.5234375,0.4609375,0.015625,0.12525091327592053,0.34046750590754904,-0.1101147472417803,,,,-0.001498862963078551,,,dimless_chi_center,-1.2185718679327273,4.0,0,256,delta,-1.1280543313317293,-0.05794195791686274,0.06730895535905779,0.274904882090643,0.3747995395934814,0.001
48.2,252,0.4801587301587302,0.5198412698412699,0.0,3.1592920489868215,7.918074587688575,-0.191134943370111,-0.04294363804384552,-0.04294363804384552,-0.35470973968894404,0.2495800926202874,0.2677610017437505,0.22637811559917984,dimless_chi_split,-7.0561723260216755,4.0,4,256,delta,-6.825679974374987,-1.7750488818105725,1.3842431671762487,3.956932922384946,3.1470622566030344,0.002
48.2,252,0.5198412698412699,0.4801587301587302,0.0,1.513886382563584,2.961093919026214,0.045118713578722616,,,,-0.1225768499065194,,,dimless_chi_minus,-4.439114589069315,4.0,4,256,delta,-2.053054136462734,-0.6692639003225143,0.8446224822410697,2.863037116532452,1.537102614813268,0.002
48.2,252,0.4801587301587302,0.5198412698412699,0.0,1.629096292200538,3.4789599988817033,-0.1460162297913911,,,,0.11716302245851073,,,dimless_chi_plus,-4.095078407620689,4.0,4,256,delta,-3.9626428575555814,-0.9304263993007433,0.6986698928997948,2.060305583725824,1.6319522322737348,0.002
48.2,252,0.47619047619047616,0.5238095238095238,0.0,0.09957692847264998,0.24384316753001123,-0.05044875810304518,,,,0.006578337636731213,,,dimless_chi_center,-0.5850649311365252,4.0,4,256,delta,-0.5563968134549624,-0.05949846302150119,0.04007846545114879,0.19684331077208794,0.19229159293197373,0.002
48.2,248,0.5201612903225806,0.4798387096774194,0.0,5.220172267509799,6.250113355250283,-0.8705379607336273,-0.8364249270053101,-0.6844262587985027,-1.019653139101402,-0.5144947109533419,-0.5144947109533419,-0.5144947109533419,dimless_chi_split,-9.802302550782658,4.0,8,256,delta,-6.281975882722602,-3.718819118209621,1.5013531493001775,4.493180759342929,3.4603748467832274,0.004
48.2,248,0.4798387096774194,0.5201612903225806,0.0,2.3240105078093096,4.840789443297854,0.4035227725882611,,,,0.22710289607727474,,,dimless_chi_minus,-3.5287137099594412,4.0,8,256,delta,-2.4756014983041585,-0.7140515696278105,1.6099589381814994,3.4440625365556365,1.7577485103483685,0.004
48.2,248,0.5201612903225806,0.4798387096774194,0.0,2.7839932629300095,2.738078911998565,-0.4670151881453672,,,,-0.2873918148760257,,,dimless_chi_plus,-4.961513108164395,4.0,8,256,delta,-3.150446540894408,-2.005769944566374,0.7782233183636356,2.0175792610013428,1.721040327127754,0.004
48.2,248,0.5161290322580645,0.4838709677419355,0.0,0.11608308311136795,0.36042418815657173,-0.031746207778874366,,,,-0.0005236822877563441,,,dimless_chi_center,-0.41508165942327757,4.0,8,256,delta,-0.3605771776600625,-0.07883399750618914,0.03724908560517881,0.32005437997366104,0.17966996564238624,0.004
48.2,232,0.5043103448275862,0.4956896551724138,0.0,5.284952397750406,4.192070746081117,-1.1958163533524158,-0.8976503771603592,-0.7750364261395373,-1.4158525597790703,-0.4516050892421458,0.5352062651932581,-2.266033485018782,dimless_chi_split,-6.3249567906634905,4.0,24,256,delta,-5.931047181764708,-3.999500419622339,1.285451978128067,2.98614171974158,3.0960254049746525,0.008
48.2,232,0.4956896551724138,0.5043103448275862,0.0,2.556266779908556,3.1535396765137444,0.5937739988198544,,,,0.22198413604333778,,,dimless_chi_minus,-2.333794079282719,4.0,24,256,delta,-1.5507481268250536,-0.6328631993077205,1.9234035806008354,2.958767476898001,1.5429171245698037,0.008
48.2,232,0.5043103448275862,0.4956896551724138,0.0,2.8138484892926767,1.8582766668761852,-0.602042354532563,,,,-0.22962095319881137,,,dimless_chi_plus,-3.171417114294084,4.0,24,256,delta,-2.9722797049132375,-2.1578257320631553,0.6560227572295213,1.6762220886711685,1.562242116073669,0.008
48.2,232,0.4525862068965517,0.5474137931034483,0.0,0.14723056870761392,0.2110778855716755,-0.004134177856243608,,,,0.0028452413733948134,,,dimless_chi_center,-0.23775870625603046,4.0,24,256,delta,-0.20827391235529458,-0.08686243621230244,0.06036813249531148,0.19464475132278253,0.11938808232296763,0.008
