A_eig_hi,A_eig_hi_dimless,A_eig_lo,A_eig_lo_dimless,A_trace,A_traceless_norm,A_traceless_norm_dimless,a0,delta,invariant_split_dimless,leakage,n,n_sites_0,n_sites_delta,overlap_M11,overlap_M12,overlap_M21,overlap_M22,principal_axis_deg,sv_max,sv_min,symmetry_class_0,x0,y0
0.009456755376625086,0.997796703126892,-0.02083261232623386,-2.1980807442705714,-0.01137585694960877,0.02141781730054436,2.2598266148959,24.3,0.01,3.1958774473974634,0.00016830281391677637,2.0,1861,1865,-0.4329827295503292,0.9013256143216761,0.9012820396148191,0.43300366317009115,25.65998280886648,0.9999400158764848,0.999891673643251,C4v,0.0,0.0
0.017760372254630105,1.8739240020714776,-0.013777061861291708,-1.4536388387449242,0.0039833103933384,0.022300333524592285,2.35294224956565,24.3,0.02,3.3275628408164017,0.0006016206742289754,2.0,1861,1857,-0.21129343326393973,0.9771021835705177,0.9771287957129121,0.2112876786787137,12.201720293731961,0.9997127579219087,0.9996855307043876,C4v,0.0,0.0
0.013843920338265215,1.4606931787636102,-0.009971284207036284,-1.0520854258654566,0.0038726361312289327,0.01683989262932738,1.7768027909536839,24.3,0.04,2.5127786046290668,0.00130186588150083,2.0,1861,1851,-0.23429633797825267,0.9713953300553678,0.9716078666541238,0.23424508628661586,13.557634097245758,0.9994581634736881,0.9992395346976625,C4v,0.0,0.0
0.002499868766711185,0.502201446188256,-0.00235909488834143,-0.47392122354447735,0.0001407738783697557,0.0034358061500266764,0.6902229590379325,33.7,0.01,0.9761226697327334,2.444637783671766e-05,2.0,3569,3569,0.9285742817044855,-0.3711098027954712,-0.3711083321264786,-0.9285779615609746,68.2156874939144,0.9999897581613666,0.9999857953074623,C4v,0.0,0.0
0.008278918868213036,1.6631613162486234,-0.0037901667998757674,-0.7614108682579502,0.0044887520683372685,0.008534132318626967,1.7144314331408794,33.7,0.02,2.4245721845065735,0.0003265473497884308,2.0,3569,3559,0.9452361851581198,-0.32592663058532256,-0.3259374623906092,-0.9452047723397383,70.9747216995792,0.9998533268044394,0.9998200989070574,C4v,0.0,0.0
0.006829852179815153,1.3720566805863268,-0.006967809980725578,-1.3997711782642648,-0.00013795780091042584,0.00975642047823938,1.9599782752750414,33.7,0.04,2.7718278588505916,0.0013620766375277427,2.0,3569,3571,0.9934048045021049,0.10852497370462594,0.10852417816601564,-0.9934120866754543,-83.76546494731377,0.9993223923591776,0.9993150668605344,C4v,0.0,0.0
-0.004656580398239144,-0.48760453833899864,-0.016562197086396488,-1.7342774683425803,-0.02121877748463563,0.008418542294403785,0.881530882727235,24.3,0.01,1.2466729300035817,7.921730860005471e-05,2.0,1844,1852,0.8705552389459698,0.4919683915143223,0.491947926073181,-0.8705914547648811,-60.529350418009145,0.9999811895024933,0.9999395911873769,C4v,0.5,0.5
0.0008702063927271565,0.09112192856067149,-0.019469120256424603,-2.0386701361561737,-0.01859891386369744,0.014382075798383466,1.5059904114785794,24.3,0.02,2.1297920647168453,0.0003574228302684057,2.0,1844,1860,0.6121656947459081,-0.790524226411057,-0.7904204956782751,-0.6122460322326577,37.757103334942,0.9998868718647288,0.9997556690572104,C4v,0.5,0.5
0.0051491395782623465,0.5391818914693493,-0.019964278463760726,-2.090519641253132,-0.014815138885498381,0.017757868196287104,1.859479786284724,24.3,0.04,2.629701532722481,0.0014329264542785047,2.0,1844,1868,0.741350056845222,-0.6699958663535359,-0.669515738769018,-0.7418816987342254,47.91470121336272,0.9996413936245361,0.9989250378501073,C4v,0.5,0.5
0.009250159972853165,1.8559922002098528,-0.006845901196594289,-1.3735912958883907,0.002404258776258876,0.011381634003309766,2.2836603904992256,33.7,0.01,3.2295834960982432,0.00019360966202175423,2.0,3568,3564,-0.37506736863040824,-0.9268457745048654,-0.9269590034925687,0.3750215537687911,-22.0293052061788,0.999964261945033,0.9998421152905503,C4v,0.5,0.5
0.005751503473476867,1.1540065920569502,-0.008607667613067974,-1.7270797476734774,-0.0028561641395911073,0.010153467247513662,2.0372356880073146,33.7,0.02,2.8810863397304276,0.0004531636865823252,2.0,3568,3572,0.9828381140407384,0.18346085525034905,-0.18347695558153676,0.9827518687731003,79.42569687572613,0.9998172591231982,0.9997295239144488,C4v,0.5,0.5
0.006445706725165169,1.293294542132965,-0.005105330877638261,-1.0243557210033118,0.0013403758475269076,0.008167817018683106,1.6388262174824473,33.7,0.04,2.3176502631362768,0.0010305421740994802,2.0,3568,3556,-0.6661580334234087,0.7450973458922557,-0.7453166928864762,-0.6659619828536311,-41.79008701417703,0.9996316812655436,0.9993374892707787,C4v,0.5,0.5
0.011540488177500322,1.214938958764008,-0.00608754211656945,-0.6408734159926075,0.005452946060930872,0.012464899759898625,1.3122575148003133,24.3,0.01,1.8558123747566155,0.00014183098710929265,2.0,1854,1852,4.277089559920447e-12,0.9999402747441348,-0.999917889114104,4.278006370171347e-12,2.079696961720417e-10,0.9999402747441346,0.9999178891141042,Cs_axis,0.5,0.3
0.012478859740278764,1.3137271687497794,-0.009375256977597196,-0.9869916051484716,0.0031036027626815677,0.015453194128052386,1.6268538466266524,24.3,0.02,2.300718773898251,0.0003511902194111016,2.0,1854,1854,2.866843205225609e-12,-0.9998469066178426,-0.999801871816566,-2.8674910134825703e-12,1.5416617911079967e-10,0.9998469066178427,0.999801871816566,Cs_axis,0.5,0.3
0.011512732098197236,1.2120169036855275,-0.014739530390572853,-1.551722026829603,-0.0032267982923756162,0.01856315282729856,1.954258539196505,24.3,0.04,2.7637389305151308,0.0016216701165243652,2.0,1854,1860,-2.749625777478742e-12,0.9992599018025904,-0.999117765038951,-2.7506681972100052e-12,-1.5384819987066022e-10,0.9992599018025905,0.999117765038951,Cs_axis,0.5,0.3
0.00554225856230859,1.1123267356755309,-0.007260206231389163,-1.457117420073662,-0.0017179476690805731,0.009052709671525714,1.8168713864103978,33.7,0.01,2.569444155749193,0.00012070476679393316,2.0,3568,3570,-0.9999227530127623,1.74818416358557e-14,-1.8986800278049284e-14,-0.9999565382924352,89.99999999999271,0.9999565382924352,0.9999227530127623,Cs_axis,0.5,0.3
0.005646337896137409,1.1332153723835934,-0.005905480375308775,-1.18522505484264,-0.0002591424791713662,0.008168369034774258,1.639384947868706,33.7,0.02,2.3184404272262333,0.0003149882035908824,2.0,3568,3568,0.9998329383222877,-2.8786721984226925e-12,2.876827235937971e-12,0.9998520485745072,-89.99999999981372,0.9998520485745072,0.9998329383222877,Cs_axis,0.5,0.3
0.005260534161418253,1.055784880098161,-0.00549675796688116,-1.1031948035915098,-0.00023622380546290712,0.007606554211125183,1.5266291747809537,33.7,0.04,2.1589796836896706,0.000924292292283857,2.0,3568,3566,0.9995641065494876,-7.443962765811955e-13,-7.455229787376886e-13,-0.9995113867852417,89.99999999995694,0.9995641065494876,0.9995113867852417,Cs_axis,0.5,0.3
0.0028923122865148754,0.30370347994344987,-0.008559037199676323,-0.8987305397922046,-0.005666724913161447,0.008097326875422884,0.8502492492844803,24.3,0.01,1.2024340197356544,7.419273032005513e-05,2.0,1850,1852,0.9999481789235627,5.393622428160683e-12,5.391809539213784e-12,-0.9999776267531242,-89.999999999343,0.9999776267531242,0.9999481789235627,Cs_axis,0.0,0.4
0.00747353665781058,0.7847489709338963,-0.012880591466858486,-1.3525097101214105,-0.0054070548090479065,0.014392542022093323,1.5112701065240242,24.3,0.02,2.137258681055307,0.0003124299922855345,2.0,1850,1854,0.9998145745006769,1.062516881356263e-12,-1.061662020765785e-12,0.9998729702474507,89.99999999991827,0.9998729702474507,0.9998145745006769,Cs_axis,0.0,0.4
0.008821748257892975,0.9263161718735049,-0.010546711119632183,-1.107443647743222,-0.0017249628617392078,0.013695568966984217,1.4380853597557173,24.3,0.04,2.033759819616727,0.0008751886053890434,2.0,1850,1852,-0.9995521907312754,-3.198312836326497e-13,3.1979645384961686e-13,-0.9995724289882798,89.99999999997874,0.9995724289882798,0.9995521907312754,Cs_axis,0.0,0.4
0.010217910174676811,2.0515904926283888,-0.004890134599573603,-0.9818596445506201,0.005327775575103208,0.01068300091034245,2.14497316239054,33.7,0.01,3.033450137179009,0.00016323248946781277,2.0,3570,3561,3.236434972368468e-12,0.9998731897723776,0.9999635690341301,-3.23541488333737e-12,-1.5382989524649493e-10,0.9999635690341301,0.9998731897723776,Cs_axis,0.0,0.4
0.007376904466526932,1.4811626653423675,-0.0061151323659078445,-1.227819310268734,0.0012617721006190873,0.009540310736233296,1.9155395250667402,33.7,0.02,2.7089819756111018,0.00039822520971122266,2.0,3570,3566,5.283139925925288e-12,-0.9997470015121959,0.9998547307223941,5.2832060174709425e-12,-2.787857317204046e-10,0.9998547307223941,0.9997470015121958,Cs_axis,0.0,0.4
0.00643704842726296,1.2924548296275191,-0.0068389994984211205,-1.3731600797219654,-0.0004019510711581603,0.009387583515608812,1.8848743784329849,33.7,0.04,2.6656149093494843,0.0012951778032070926,2.0,3570,3570,3.4606966281170598e-12,0.9993512372362481,0.9993531653164291,-3.4604500553438064e-12,-1.895248856220849e-10,0.9993531653164291,0.9993512372362481,Cs_axis,0.0,0.4
0.016879283910814044,1.7759312775923872,-0.021269744649195118,-2.2378677311487443,-0.004390460738381077,0.02697543679046175,2.8381844974006967,24.3,0.01,4.013799008741131,0.0003402390618618689,2.0,1854,1856,0.4646011420332388,-0.8853621343660788,0.8853148095190526,0.4645609537775121,-17.99768110098511,0.9998609087786987,0.9997988222500119,C1,0.31,0.17
0.013740672490836704,1.4457064754977622,-0.01741498091416355,-1.8322939212084444,-0.003674308423326847,0.02203037379497343,2.3178963092431517,24.3,0.02,3.2780003967062066,0.00069474758489807,2.0,1854,1856,-0.42392439198590726,-0.905305400581022,0.9052662450229902,-0.4240445401256728,19.95802285675195,0.9997157475820938,0.9995893801289505,C1,0.31,0.17
0.013159491446097378,1.384558289310024,-0.014350278098456301,-1.509845314046244,-0.001190786652358923,0.01945234459383307,2.046652415423995,24.3,0.04,2.8944036033562677,0.0017639067214457738,2.0,1854,1854,0.4006781262590326,0.91517105212304,0.9153134063799048,-0.40073998945935335,-20.90476830209691,0.9991952620119327,0.9990400467098474,C1,0.31,0.17
0.003682515352376776,0.7388129740446854,-0.008216842205272181,-1.6485225575542715,-0.004534326852895405,0.008414116420776972,1.6881011433612136,33.7,0.01,2.387335531598957,0.00012190229564579269,2.0,3566,3573,-0.49832216873558766,0.8669281231434492,0.8668901212194687,0.49836568761346334,28.17470803210043,0.9999679344594872,0.9999101586950374,C1,0.31,0.17
0.005487252135709432,1.100892374311576,-0.008025871213915597,-1.61020857035288,-0.002538619078206166,0.009555221155530133,1.9170378624534918,33.7,0.02,2.711100944664456,0.00042002715468247853,2.0,3566,3573,-0.4617543400798674,-0.886753198198979,0.8867354731091279,-0.4618569489808012,26.967204049805012,0.9998420273095998,0.9997378987094889,C1,0.31,0.17
0.00600460364264928,1.2046871908685985,-0.006869053650863031,-1.3781194295337122,-0.0008644500082137518,0.009103050370914212,1.8263200757799833,33.7,0.04,2.5828066204023106,0.001235092767558621,2.0,3566,3570,0.4858899013733953,-0.8733109947406821,0.8732890748617382,0.4859371527269803,-28.71904079751133,0.9994083065337155,0.999356218420786,C1,0.31,0.17
0.00904546519481399,0.9522519199200256,-0.012077810058978336,-1.2714788647559463,-0.0030323448641643436,0.014936411172826545,1.5724151173776622,24.3,0.01,2.223730784675972,0.00012007224562338159,2.0,1855,1856,0.9905511662728675,0.1367533624968897,0.13670192494280423,-0.9905449732682213,-79.00440004902829,0.9999658662528611,0.9999140572258791,C1,0.23,0.41
0.007968617520931191,0.838887903495025,-0.012363540519867254,-1.301558841197241,-0.004394922998936061,0.014377006826805169,1.513524407940572,24.3,0.02,2.140446744692266,0.00034487144466743835,2.0,1855,1858,-0.9862079803100037,0.1642775820105762,0.16418304829292713,0.9862864083954159,78.53694287900571,0.9998889632940995,0.9997661317494787,C1,0.23,0.41
0.009417093076035065,0.9913746577524004,-0.009460098285005478,-0.9959019863006453,-4.300520897041263e-05,0.01334819002114788,1.4052167911035534,24.3,0.04,1.9872766440530456,0.0008690901829747633,2.0,1855,1856,-0.9673597771556445,-0.2516292653026369,-0.25154079494528114,0.9674124366044627,-73.88449104843187,0.9996168373305157,0.9995138809238158,C1,0.23,0.41
0.006969883034463863,1.3995796934335831,-0.00571398626061909,-1.1473907236861012,0.0012558967738447724,0.00896884999023699,1.8009800534268585,33.7,0.01,2.5469704171196845,0.00013881883724997657,2.0,3570,3568,-0.9678479106025435,-0.2512641946534278,0.25125792235371525,-0.967847377021527,74.644737402772,0.9999337356446797,0.9999274406901613,C1,0.23,0.41
0.007318583226411325,1.4696000517856493,-0.005372194378823016,-1.078757580952207,0.0019463888475883089,0.008973734903191576,1.8019609629974356,33.7,0.02,2.548357632737856,0.0004231093925608498,2.0,3570,3562,0.9710792146853916,0.23803619665390494,0.23801354340028202,-0.971003224640097,-75.74826109106684,0.9998280695086087,0.9997487747617234,C1,0.23,0.41
0.006028684089534404,1.2105832749438692,-0.006328767419835652,-1.2708411778886899,-0.0003000833303012495,0.008738037760459503,1.7546320576000207,33.7,0.04,2.481424452832559,0.001154612630535734,2.0,3570,3570,0.9608014658155563,-0.27507442684360517,0.2750836801213387,0.9608404376654691,-73.83854955902412,0.9994425544038414,0.9994024990891573,C1,0.23,0.41
0.011437059448533213,1.2013428353332682,-0.02341781297982923,-2.45979501716241,-0.011980753531296018,0.02464611665148711,2.5888154023584478,24.3,0.01,3.661137852495678,0.00032828008547991505,2.0,1851,1855,-0.5609086902090957,-0.8276803433024145,-0.827612616002052,0.5610057826992464,-26.80729569800625,0.9998950349737586,0.9997766544903245,C1,0.6875,0.75
0.009928223349790075,1.042855468447265,-0.017525652536222812,-1.8408855181418826,-0.007597429186432733,0.019412821808853547,2.039112806802771,24.3,0.02,2.8837409865891477,0.0005831761952460601,2.0,1851,1856,0.5394799547793047,0.8416932538786067,-0.8415374352272924,0.5395945120987993,28.072879440487938,0.9998050637598046,0.9996116656430941,C1,0.6875,0.75
0.011281281108320218,1.184979958690325,-0.013898583197782937,-1.459900022473173,-0.002617302089462717,0.017804852800202643,1.8702125701052577,24.3,0.04,2.644879981163498,0.001408995869901175,2.0,1851,1855,-0.4665296259004368,-0.8837412222288801,0.883570639063291,-0.4667295730249894,25.688544233841554,0.9994266580551671,0.9991638321260823,C1,0.6875,0.75
0.006370451614052033,1.2782505339153116,-0.010215512103940021,-2.0497736412087604,-0.0038450604898879887,0.011728047417506224,2.3532684621829976,33.7,0.01,3.328024175124072,0.0002022839251020203,2.0,3567,3572,-0.5551407432818087,-0.83165452915034,-0.8316022019848326,0.5551600751999561,-28.25166374089313,0.9999267445359898,0.9998709605301344,C1,0.6875,0.75
0.005729506229299972,1.1496428888209935,-0.007727552419602875,-1.5505569470815188,-0.0019980461903029018,0.009515577425464283,1.9093296145254695,33.7,0.02,2.700199835902512,0.0004175117788931537,2.0,3567,3572,-0.5494935581757605,0.835287216801475,0.835183159253753,0.5495326759279395,29.968957595999,0.9998468044285594,0.9997356371142382,C1,0.6875,0.75
0.005799797000760703,1.1637469463654855,-0.0068194718717875785,-1.3683478172731234,-0.0010196748710268773,0.008923170593395207,1.7904613779758085,33.7,0.04,2.532094763638609,0.0012109916802189868,2.0,3567,3571,-0.5793778181665684,-0.8143058500659891,-0.8142835667085108,0.5794373270621095,-33.67391943793444,0.9994260922969996,0.9993625481653349,C1,0.6875,0.75
0.0017478983208633874,0.18369418256163797,-0.015824387502814605,-1.6630532177822959,-0.014076489181951216,0.012425482466870945,1.3058476099218235,24.3,0.01,1.846747400343934,0.00012282950655362335,2.0,1852,1857,-0.9931615334305588,-0.11590000241849725,-0.11590619898322232,0.9932358491201412,-79.92181475087199,0.999975869456527,0.9999012958745257,C1,0.13,0.62
0.007783611671138065,0.8180133628144167,-0.013661609061414302,-1.4357574917595337,-0.005877997390276238,0.01516406100403012,1.5936566545098407,24.3,0.02,2.2537708545739505,0.0003445602750138388,2.0,1852,1856,0.9894674629473451,0.14346684186358183,0.14337022789615836,-0.9895085963533667,-79.67927659456343,0.9998802065358621,0.9997752007465348,C1,0.13,0.62
0.009879583425456723,1.0382880855978536,-0.010267509325554851,-1.079056893635738,-0.00038792590009812875,0.014246145905434618,1.497188992927362,24.3,0.04,2.1173449792335917,0.0009672252259167458,2.0,1852,1852,0.9736112465366696,0.22617772766743666,0.22609236779856015,-0.9735874726473808,-75.2978433117911,0.9995605737673019,0.9994719650486196,C1,0.13,0.62
0.007704642859487204,1.5467305571774206,-0.00443356612761669,-0.8900519247829116,0.0032710767318705133,0.008583009886240658,1.723065417270737,33.7,0.01,2.436782481960332,0.00011863537233569588,2.0,3569,3563,0.24588399546899842,-0.9692074720152563,0.969265522785017,0.245896345148955,-12.41392335953239,0.9999703550465617,0.999911005181652,C1,0.13,0.62
0.007607598015899472,1.5272485087904835,-0.006592676340445495,-1.3234998864083953,0.001014921675453976,0.010041110292080963,2.015783521701795,33.7,0.02,2.850748395198879,0.000474861558656392,2.0,3569,3564,0.2842841034352817,-0.9584325497393636,0.9585292621012037,0.28436161258599835,-15.815724179405645,0.9998245087552889,0.9997005694581413,C1,0.13,0.62
0.006030005045767337,1.2105419075638115,-0.0071125274365416305,-1.4278615797634713,-0.0010825223907742938,0.00929317384020514,1.8656329973953567,33.7,0.04,2.638403487327283,0.0012824130570803227,2.0,3569,3573,-0.28209685629243264,-0.9587577021411904,0.9586610840207783,-0.28215090310827723,15.91296105084948,0.999413939913492,0.9993032325537781,C1,0.13,0.62
0.007482333685847704,0.9170781460550916,-0.0017056721777753804,-0.20905705950145392,0.005776661508072323,0.006496901251749644,0.79629784038194,24.3,0.01,1.1261352055565457,8.658665349203787e-05,4.0,2209,2205,-0.9999469020794665,0.005358890533131777,-0.005358939367058093,-0.9999377899528591,-89.69294202697361,0.9999612618544089,0.9999521495969466,C4v,0.0,0.0
0.01419859468285373,1.7402619871081921,-0.0009629868455808711,-0.1180292443641185,0.013235607837272859,0.010720857112268806,1.3140103311935711,24.3,0.02,1.8582912314723106,0.0005008886931452405,4.0,2209,2197,0.11584657134605363,-0.99291986851972,-0.9931126374115871,-0.11582408485827425,6.653481924041659,0.9998465575673274,0.9996524815827121,C4v,0.0,0.0
0.022870175135243177,2.8031011036910027,-0.0004387711953545946,-0.05377833858696452,0.022431403939888583,0.01648191401267898,2.0201188266671926,24.3,0.04,2.8568794422779673,0.0027068500736552314,4.0,2209,2167,0.7409874759188951,0.6696468203124495,0.6709796221733081,-0.7395156138024572,-47.838502718644364,0.9996379808913276,0.9976523477706044,C4v,0.0,0.0
0.001732632254313771,0.3973332162318639,-0.00015701516334463487,-0.03600725987500704,0.0015756170909691364,0.0013361825030779072,0.3064179892177756,33.7,0.01,0.43334047610687093,2.334118151492426e-05,4.0,4197,4193,-0.04268481797922185,-0.9990757295828576,-0.9990780877512364,0.04268471722835118,-2.446428871722139,0.9999895095002679,0.9999871491806201,C4v,0.0,0.0
0.0010264468491296475,0.23538833866231637,-0.011491643705204444,-2.635303447578394,-0.010465196856074797,0.008851626718476904,2.029885628747329,33.7,0.02,2.87069178624071,0.0006059086046561468,4.0,4197,4227,-0.19771615730126738,0.9801937913066148,0.9796858741281871,0.1978186630486686,11.409937550008154,0.9999560450171787,0.9994378874268725,C4v,0.0,0.0
0.004359822559991849,0.9998095762379315,-0.009208566419362654,-2.111740274475536,-0.004848743859370806,0.009594299857078388,2.2001979994394825,33.7,0.04,3.1115498507134673,0.002051603717121653,4.0,4197,4223,0.8068148082575104,0.5888649486408963,0.5884087772060462,-0.8074403017630426,-53.89678726788527,0.9993606799594623,0.998586512985589,C4v,0.0,0.0
-0.004118381962265408,-0.4910266709723863,-0.006539798764492999,-0.7797274865665741,-0.010658180726758407,0.0017122002409341744,0.20414230444073714,24.3,0.01,0.2887008155941878,5.0061139902579654e-05,4.0,2160,2168,0.8993664831152092,0.4371317863323904,-0.4371277748818699,0.8993747364551963,64.07841019115355,0.9999795573890498,0.9999703808234498,C4v,0.5,0.5
-0.0010221463561185667,-0.12186852193170536,-0.035231153610501185,-4.200541919226486,-0.03625329996661975,0.024189421007233747,2.884057617472313,24.3,0.02,4.078673397294781,0.0012321993551207555,4.0,2160,2192,0.6379722250334628,-0.7693912417629947,-0.7685394848487066,-0.6386792768694572,39.696400860743125,0.9999370488206223,0.9988300654694284,C4v,0.5,0.5
-0.0014159627555243074,-0.16882248524698173,-0.02640734245609816,-3.148496077890019,-0.027823305211622466,0.0176715740574836,2.1069474030803743,24.3,0.04,2.9796735926430373,0.002396508400779873,4.0,2160,2208,0.32813278476244245,0.9441271784391075,0.9423853913370194,-0.3287392642956835,-19.19780232117419,0.9997227780525249,0.997878424579559,C4v,0.5,0.5
0.011347755051002833,2.640009773904317,-0.0021344593656553433,-0.49657342461174603,0.00921329568534749,0.00953336523943003,2.2178992494264995,33.7,0.01,3.136583198516063,0.0002453297073867766,4.0,4240,4224,0.8757764173756909,0.48252610781760874,-0.48258132430692247,0.8756762118833608,61.143804542283455,0.9999345317575663,0.9998201202136328,C4v,0.5,0.5
0.014985412644390928,3.4862962470876755,-0.002133765401272182,-0.49641197657677755,0.012851647243118745,0.012105086884428252,2.8161999924405636,33.7,0.02,3.982708223664453,0.0011527485921645209,4.0,4240,4196,-0.7127306678841816,-0.7006255992263445,0.7012288078707072,-0.7121175651491766,45.46606250860977,0.9998534122212139,0.9989933217420756,C4v,0.5,0.5
0.007910956446568255,1.8404523402206974,-0.0014978961043407805,-0.348479530795211,0.006413060342227474,0.0066530634419321244,1.5478085695507058,33.7,0.04,2.1889318710159085,0.0014194855604323653,4.0,4240,4196,-0.3186065731633761,-0.9467620895916292,-0.9476094911806264,0.3183216586296187,-18.58374529237899,0.9997369135120078,0.9988428968764905,C4v,0.5,0.5
-0.0010709697808614083,-0.1278958453593803,-0.0019232275242898889,-0.2296729697075498,-0.002994197305151297,0.0006026372296970234,0.07196729479625713,24.3,0.01,0.10177712434816949,1.2907394260741611e-05,4.0,2168,2170,0.9999914413073916,2.5050958815909738e-11,-2.5052135934208405e-11,0.9999956512522663,89.99999999658642,0.9999956512522663,0.9999914413073916,Cs_axis,0.5,0.3
6.057487458594607e-05,0.007233887389872649,-0.033533939379757835,-4.004642896417404,-0.03347336450517189,0.02375490883991462,2.8368252791150015,24.3,0.02,4.011876783807277,0.0012139307666214627,4.0,2168,2196,0.9988380441158176,-2.2958742967808918e-12,2.2948569636244273e-12,0.9999473486607408,-89.9999999998686,0.9999473486607408,0.9988380441158176,Cs_axis,0.5,0.3
0.001398282621198517,0.16698373855672502,-0.024911984997111163,-2.9750039989205286,-0.023513702375912646,0.01860416864773961,2.221720835575144,24.3,0.04,3.141987737477254,0.00255456854403624,4.0,2168,2206,-0.9978302962584958,-4.850218691642414e-12,4.8430263985149735e-12,-0.9996127063921356,89.9999999997202,0.9996127063921354,0.9978302962584961,Cs_axis,0.5,0.3
0.0006594446516502983,0.15228108618571637,-0.0038835105387602376,-0.8967927809803445,-0.0032240658871099392,0.003212354421765913,0.741807245438717,33.7,0.01,1.0490738671660609,6.825971389778918e-05,4.0,4216,4222,-0.99996067709024,2.8457328626967885e-12,-2.846114827122155e-12,-0.9999710620040129,-89.99999999938093,0.9999710620040129,0.99996067709024,Cs_axis,0.5,0.3
0.0027360021767383613,0.6318064484069246,-0.002581078060624395,-0.5960308717620134,0.0001549241161139664,0.003759743491952183,0.8682120952853741,33.7,0.02,1.227837320168938,0.00029788271288699875,4.0,4216,4216,0.9998820806117404,-1.169505582854284e-12,-1.1722727588130757e-12,-0.999820013525316,89.9999999998676,0.9998820806117402,0.9998200135253162,Cs_axis,0.5,0.3
0.004855937616922174,1.121348778710013,-0.0014645435422296939,-0.33819711907415634,0.0033913940746924803,0.004469255087998096,1.0320548017761937,33.7,0.04,1.4595458977841693,0.0012919026718432036,4.0,4216,4192,0.9997519208241651,-2.8421580531047677e-12,2.842608210458652e-12,0.9989556003470353,-89.99999999974963,0.9997519208241651,0.9989556003470353,Cs_axis,0.5,0.3
0.00018093831240587055,0.021897023640987657,-0.0037204908695496336,-0.4502511128978775,-0.003539552557143763,0.0027587270308798216,0.33385914907122344,24.3,0.01,0.47214813653886517,7.060303039452265e-05,4.0,2190,2192,-0.9999629313838536,-1.7394489457345967e-13,1.7341902263848631e-13,-0.9999664643363904,89.99999999987313,0.9999664643363904,0.9999629313838536,Cs_axis,0.0,0.4
0.0014992340679470875,0.18143622206208096,-0.0036942209791383795,-0.44707194976909026,-0.002194986911191292,0.0036723272815816343,0.444422390332981,24.3,0.02,0.6285081718311712,0.00019565000029408974,4.0,2190,2192,0.9998997718883077,2.491806369261159e-13,-2.4864886794776376e-13,0.9999045685349788,89.99999999992535,0.9999045685349788,0.9998997718883077,Cs_axis,0.0,0.4
0.002507707107957547,0.303480899636332,-0.0022217687874194827,-0.26887685098885233,0.0002859383205380643,0.0033442444770794165,0.4047180467317468,24.3,0.04,0.5723577506251843,0.0004416660955313123,4.0,2190,2190,0.9997958708072331,1.8056846775725728e-14,-1.7966776680246495e-14,0.9997624140393276,89.99999999999625,0.9997958708072331,0.9997624140393276,Cs_axis,0.0,0.4
0.016078204382306664,3.714525013644314,0.00020609299195804842,0.047613374949220494,0.016284297374264713,0.011223277595863747,2.592898085733176,33.7,0.01,3.6669116386950935,0.0006460395417599019,4.0,4220,4195,-1.0404045911774319e-13,0.9993955139063944,0.9999582629791376,1.0523844322603336e-13,6.349058473536846e-12,0.9999582629791376,0.9993955139063945,Cs_axis,0.0,0.4
0.014904966848799592,3.4434735913879515,-0.011522042300653786,-2.661921276554304,0.0033829245481458055,0.01868671737605742,4.317166112943515,33.7,0.02,6.105394867942255,0.0016802547428997894,4.0,4220,4208,1.4128969003577815e-12,0.9990086415483277,0.9993103745213322,-1.4112187527534506e-12,-6.070519015818001e-11,0.9993103745213322,0.9990086415483277,Cs_axis,0.0,0.4
0.007529364002466317,1.7394984078428393,-0.00904306205520623,-2.0892059464654102,-0.0015136980527399087,0.011718474846092902,2.7073028120898255,33.7,0.04,3.8287043543082495,0.0025641842767873957,4.0,4220,4222,3.634998969747228e-14,-0.9987535918677075,-0.9986805766499005,-3.751711448966985e-14,2.8224034196031394e-12,0.9987535918677075,0.9986805766499005,Cs_axis,0.0,0.4
0.017479703588004603,2.1109356554679803,-0.044481813748887725,-5.371844333038366,-0.027002110160883122,0.043813409081524396,5.291124471999834,24.3,0.01,7.482779988506346,0.0017091179184235417,4.0,2185,2196,0.07828830895678898,-0.9965248911700144,0.9956247452305893,0.07824457046309558,-1.6341264045782935,0.9995955779587822,0.9986943700093645,C1,0.31,0.17
0.017801305222599186,2.149773863101684,-0.024892752470509986,-3.006172186398175,-0.007091447247910797,0.03018925771116718,3.6458044150333406,24.3,0.02,5.155946049499859,0.002897409338025736,4.0,2185,2187,-0.05834052036132432,-0.9969837153034719,-0.9966936965624998,0.0585381214268412,-2.1758094933337193,0.998725697713056,0.9983747603237563,C1,0.31,0.17
0.019398804845268198,2.342695836641384,-0.022768509435464837,-2.749638067213419,-0.0033697045901966323,0.029816793872330678,3.6008238354818958,24.3,0.04,5.092333903854803,0.004739298409761061,4.0,2185,2186,0.04464190589907096,0.9965583563151131,0.9966968191864845,-0.04466986120686524,-2.035317468026043,0.9976981623723987,0.9975569056345693,C1,0.31,0.17
0.00021893458721365438,0.05040585098958193,-0.009007515265651998,-2.073822496688282,-0.008788580678438344,0.006524085257238927,1.5020562694317128,33.7,0.01,2.124228347677864,0.00022224956218463987,4.0,4209,4221,-0.9995484610731367,-0.02301732408712893,0.023020231912771232,-0.9996992780614103,87.69006443301937,0.9999642887081808,0.9998134436903581,C1,0.31,0.17
0.0011411639573909857,0.2627329976638072,-0.00580536643711934,-1.3365838595607127,-0.0046642024797283535,0.004911938747676714,1.1308877950094154,33.7,0.02,1.5993168572245198,0.00042374796901656353,4.0,4209,4222,0.9990912295684979,0.03453276790854261,0.034501186040084814,-0.9992929376132287,-86.88151656212841,0.9998901811018545,0.9996860156059341,C1,0.31,0.17
0.004962662364066473,1.1425660185462263,-0.006306766766213727,-1.4520224962610324,-0.0013441044021472552,0.007968689758122345,1.8346511332089455,33.7,0.04,2.594588514807259,0.0020148628566123428,4.0,4209,4211,-0.9982415253307235,0.04226953329240663,-0.04220050467306969,-0.997956179074385,-87.07613280177246,0.999138838300609,0.9988452613323471,C1,0.31,0.17
-0.0007832610689606466,-0.09456104592481455,-0.009937805968799066,-1.1997651407014072,-0.010721067037759713,0.0064732407773524705,0.7814973100116684,24.3,0.01,1.1052040947765926,0.00011034719146707506,4.0,2187,2191,-0.9997779400434585,-0.016949508099669337,-0.016935080649712428,0.9998246313419626,-85.33427575251054,0.9999692593368386,0.9999203898303106,C1,0.23,0.41
-7.359153072067285e-06,-0.0008884511680619422,-0.007090859858434953,-0.8560608350031712,-0.00709821901150702,0.005008791383301789,0.6046981916932708,24.3,0.02,0.8551723838351093,0.0002411394559425073,4.0,2187,2192,0.9995581033882314,0.023008864713346764,-0.023008184258519446,0.999671213270026,85.61409127918184,0.999935977367412,0.9998228654388706,C1,0.23,0.41
0.0019037704679530588,0.2298371944992585,-0.01076060967220712,-1.2991000647367177,-0.00885683920425406,0.008955069076631501,1.081121904014533,24.3,0.04,1.5289372592359762,0.0010437334607210635,4.0,2187,2200,-0.9979029708190785,-0.05064268775105118,0.050612923500333834,-0.9984867771087979,85.2020354579874,0.9997702365563695,0.9991856720222617,C1,0.23,0.41
0.01576070072629981,3.6387577220898053,-0.014689990265432695,-3.391557040771035,0.0010707104608671109,0.021531890092070172,4.971183242694796,33.7,0.01,7.03031476286084,0.0012153226341036216,4.0,4216,4210,0.05657692755220092,0.9977963641337677,-0.9977786935148447,0.056643627088923676,2.0176426355472503,0.9994266536351677,0.9993576530629081,C1,0.23,0.41
0.014931304125665998,3.4472704692295792,-0.008773415004555547,-2.0255654968216654,0.006157889121110455,0.01676176764310213,3.8698794239164647,33.7,0.02,5.472835966051244,0.0019131143236943426,4.0,4216,4191,-0.021261136687245715,-0.9987474904647702,-0.9988863917060646,0.02124057847940823,-0.8660377842014565,0.9991131896163193,0.998972775248313,C1,0.23,0.41
0.007359966332070406,1.6992350016809914,-0.008956536189160938,-2.0678436693559537,-0.0015965698570905278,0.011537509578010084,2.6637268735534314,33.7,0.04,3.767078671036945,0.0025070717134954013,4.0,4216,4220,-0.013676078514442351,0.9986707928818495,0.9986332104910837,0.013681366835405773,0.6352011240172001,0.9987646536175291,0.9987267009834402,C1,0.23,0.41
0.028463597673071786,3.4323239388685916,-0.04413709163893869,-5.322334792825117,-0.015673493965866897,0.05133643973134031,6.190478556154641,24.3,0.01,8.75465873169371,0.002348638252920532,4.0,2184,2186,0.08528331664174091,0.9953155316481609,-0.9950237283894517,0.08546491560071305,3.011908923593983,0.9989968240454403,0.9986531274878593,C1,0.6875,0.75
0.01520824456675003,1.8339080847820506,-0.025427926388069077,-3.066263142840028,-0.010219681821319049,0.02873411204360841,3.4649443040267807,24.3,0.02,4.900171227622079,0.0027585863111486697,4.0,2184,2187,0.0781826668517326,-0.9958231529084162,0.9952649955411058,0.07844829356816818,-3.0612721856201035,0.9989287765336177,0.9983106364207248,C1,0.6875,0.75
0.010669986431035203,1.2866556882686153,-0.02259270112207963,-2.7243734188381907,-0.011922714691044427,0.02352027192929687,2.836225881171846,24.3,0.04,4.011029107106806,0.0034335308951034538,4.0,2184,2198,-0.08281880131266588,-0.9952929840138113,0.9943713856926947,-0.08301450263297103,3.731369414767374,0.9987527211277449,0.9978105733302878,C1,0.6875,0.75
0.00032882991267091464,0.07569538796237475,-0.00934524665342937,-2.15124002950231,-0.009016416740758454,0.00684060514160738,1.5746811349537735,33.7,0.01,2.2269354174646847,0.0002435574997650125,4.0,4209,4221,0.9997825730116434,-0.005073468328710507,-0.005095430029725034,-0.999947992754932,89.63054287556531,0.9999616459685761,0.9997947747374388,C1,0.6875,0.75
0.0018508723682014053,0.42606373867222264,-0.005651029431862771,-1.3008453572765324,-0.0038001570636613663,0.005304645634620947,1.2211091322380951,33.7,0.02,1.726909095948755,0.0004826740817095443,4.0,4209,4218,0.9995420305931173,0.015584461970932753,0.015560381058181715,-0.9997326542635133,-88.57484408618075,0.9998546985567985,0.9996625598723176,C1,0.6875,0.75
0.004654653762653763,1.0714834898466596,-0.006365995321248136,-1.4654277699206488,-0.001711341558594372,0.007792775700304345,1.7938671550499707,33.7,0.04,2.5369112597673085,0.0019457399721508617,4.0,4209,4213,-0.9990999944196464,0.01050192510206534,0.010434863458476124,0.9988436035737098,89.19883445412859,0.9991591555740662,0.9988941394803642,C1,0.6875,0.75
0.0011234849763116226,0.13590398805838805,-0.00582979364718883,-0.7052094357429646,-0.004706308670877207,0.004916710466156633,0.5947570057169709,24.3,0.01,0.8411134238013527,5.534429335063429e-05,4.0,2190,2192,-0.9980116341863943,0.06250254549385806,0.06248661147599431,0.9980235190790534,64.1615023364253,0.9999822665306489,0.9999623883114429,C1,0.13,0.62
0.001371434491618701,0.1658975604495418,-0.003739344582597142,-0.4523352356413907,-0.002367910090978441,0.0036138665405243274,0.4371566024678184,24.3,0.02,0.6182327960909325,0.0001501587237489055,4.0,2190,2191,-0.9997612731221156,0.017655858664807827,-0.017604370325314124,-0.9997776933488796,-84.56450668254853,0.9999519390797182,0.999897895828976,C1,0.13,0.62
0.0025630508549159864,0.3100431604551578,-0.0024030226441077267,-0.2906851160582574,0.0001600282108082593,0.003511544247030473,0.42477903797314326,24.3,0.04,0.6007282765134152,0.00045157058848710463,4.0,2190,2189,0.999392493177687,0.0277916020451696,-0.027688279392028933,0.9993860562581333,84.69298158276405,0.9998259493538036,0.9997224263873403,C1,0.13,0.62
0.014310054686217762,3.303156391580109,0.0004015575593396802,0.09269059048374269,0.014711612245557441,0.009834792634529105,2.2701421387227425,33.7,0.01,3.2104658010963667,0.0005330778751023724,4.0,4216,4192,0.003806252535985372,-0.9994816052026728,0.9999706397754078,0.0038206203786184407,-0.11378929543209111,0.9999780183987991,0.9994887728078818,C1,0.13,0.62
0.014431191515838254,3.3311181221112256,-0.008035496478524947,-1.8548148231834052,0.006395695037313305,0.015886347431616613,3.667008352396558,33.7,0.02,5.185932945294631,0.0017470547124462943,4.0,4216,4192,0.004216766009758248,0.9990202218366806,-0.9992141090839919,0.004227295636737636,0.19689390697946346,0.9992231725472279,0.999028999588981,C1,0.13,0.62
0.0072027610491142546,1.66259645529676,-0.009129050704947652,-2.107237382827913,-0.001926289655833401,0.011548334840359336,2.665675070884465,33.7,0.04,3.769833838124673,0.002505537643742839,4.0,4216,4222,0.00933912173026924,0.9987492101190282,-0.9986565628538789,0.009316129739082904,0.41943094850731366,0.9987941731224993,0.9986987155539239,C1,0.13,0.62
